CustomerID,CustomerName,City,Segment,JoinDate
C10001,Customer_1,Kolkata,Consumer,2024-06-01
C10002,Customer_2,Hyderabad,Consumer,2022-11-09
C10003,Customer_3,Chennai,Small Business,2024-04-19
C10004,Customer_4,Kolkata,Corporate,2023-06-03
C10005,Customer_5,Pune,Small Business,2025-05-14
C10006,Customer_6,Ahmedabad,Corporate,2023-01-10
C10007,Customer_7,Chennai,Corporate,2023-03-27
C10008,Customer_8,Chennai,Small Business,2024-10-11
C10009,Customer_9,Kolkata,Consumer,2023-08-18
C10010,Customer_10,Mumbai,Consumer,2025-04-17
C10011,Customer_11,,Consumer,2025-05-18
C10012,Customer_12,Kolkata,Small Business,2023-05-15
C10013,Customer_13,Pune,Small Business,2023-04-09
C10014,Customer_14,Pune,Consumer,2025-02-21
C10015,Customer_15,Ahmedabad,Corporate,2022-04-23
C10016,Customer_16,Chennai,Small Business,2024-11-01
C10017,Customer_17,Hyderabad,Consumer,2025-02-23
C10018,Customer_18,Ahmedabad,Corporate,2026-05-08
C10019,Customer_19,Ahmedabad,Small Business,2022-11-27
C10020,Customer_20,Pune,Consumer,2025-07-30
C10021,Customer_21,Delhi,Corporate,2022-05-20
C10022,Customer_22,Chennai,Consumer,2025-11-25
C10023,Customer_23,Mumbai,Small Business,2024-06-20
C10024,Customer_24,Ahmedabad,Small Business,2025-01-25
C10025,Customer_25,Hyderabad,Small Business,2023-06-01
C10026,Customer_26,Delhi,consumer,2023-07-23
C10027,Customer_27,Delhi,Small Business,2024-04-25
C10028,Customer_28,Mumbai,Small Business,2024-12-28
C10029,Customer_29,Ahmedabad,Consumer,2022-04-28
C10030,Customer_30,Hyderabad,Small Business,2024-06-06
C10031,Customer_31,Chennai,Consumer,2024-12-18
C10032,Customer_32,Bengaluru,Corporate,2024-11-22
C10033,Customer_33,Hyderabad,Consumer,2025-09-03
C10034,Customer_34,Mumbai,Consumer,2022-02-19
C10035,Customer_35,Delhi,Consumer,2026-02-21
C10036,Customer_36,Chennai,Corporate,2022-01-19
C10037,Customer_37,Hyderabad,Consumer,2023-12-27
C10038,Customer_38,Bengaluru,Corporate,2022-07-16
C10039,Customer_39,Bengaluru,Consumer,2026-01-13
C10040,Customer_40,Pune,Consumer,2023-07-13
C10041,Customer_41,Pune,Consumer,2023-03-28
C10042,Customer_42,Kolkata,Corporate,2022-10-16
C10043,Customer_43,Mumbai,Consumer,2025-03-10
C10044,Customer_44,Ahmedabad,Corporate,2025-01-12
C10045,Customer_45,Hyderabad,Small Business,2023-01-26
C10046,Customer_46,Hyderabad,Corporate,2026-06-03
C10047,Customer_47,Ahmedabad,Consumer,2022-08-03
C10048,Customer_48,Kolkata,Consumer,2026-03-30
C10049,Customer_49,Delhi,Small Business,2022-08-03
C10050,Customer_50,Delhi,Consumer,2025-11-27
C10051,Customer_51,Kolkata,Small Business,2022-05-08
C10052,Customer_52,Delhi,Consumer,2026-02-09
C10053,Customer_53,Pune,Small Business,2024-01-30
C10054,Customer_54,Hyderabad,Corporate,2023-02-08
C10055,Customer_55,Kolkata,Small Business,2024-11-18
C10056,Customer_56,Hyderabad,Consumer,2022-12-04
C10057,Customer_57,Ahmedabad,Corporate,2024-04-10
C10058,Customer_58,Bengaluru,Consumer,2023-12-15
C10059,Customer_59,Pune,Consumer,2022-12-27
C10060,Customer_60,Chennai,Corporate,2023-07-23
C10061,Customer_61,Pune,Small Business,2025-11-16
C10062,Customer_62,Kolkata,Small Business,2022-08-06
C10063,Customer_63,Chennai,Corporate,2026-05-17
C10064,Customer_64,Bengaluru,Consumer,2022-07-21
C10065,Customer_65,Kolkata,Consumer,2022-01-17
C10066,Customer_66,Mumbai,Corporate,2022-11-18
C10067,Customer_67,Hyderabad,Consumer,2023-06-02
C10068,Customer_68,Bengaluru,Consumer,2026-05-13
C10069,Customer_69,Hyderabad,Consumer,2025-09-10
C10070,Customer_70,Delhi,Consumer,2025-12-06
C10071,Customer_71,Mumbai,Consumer,2025-09-03
C10072,Customer_72,Mumbai,Consumer,2023-11-12
C10073,Customer_73,Bengaluru,Consumer,2025-01-10
C10074,Customer_74,Mumbai,Consumer,2026-02-06
C10075,Customer_75,Chennai,Small Business,2026-01-31
C10076,Customer_76,Mumbai,Consumer,2023-03-01
C10077,Customer_77,Hyderabad,Consumer,2025-05-12
C10078,Customer_78,Hyderabad,Corporate,2026-05-26
C10079,Customer_79,Kolkata,Consumer,2024-10-15
C10080,Customer_80,Hyderabad,Small Business,2023-01-22
C10081,Customer_81,Kolkata,Corporate,2024-02-17
C10082,Customer_82,Hyderabad,Consumer,2022-04-08
C10083,Customer_83,Chennai,Consumer,2025-09-30
C10084,Customer_84,Ahmedabad,Small Business,2022-07-27
C10085,Customer_85,Kolkata,Small Business,2026-03-18
C10086,Customer_86,Pune,Consumer,2023-08-09
C10087,Customer_87,Delhi,Corporate,2022-06-15
C10088,Customer_88,Bengaluru,Consumer,2022-01-22
C10089,Customer_89,Hyderabad,Small Business,2022-06-03
C10090,Customer_90,Mumbai,Consumer,2026-01-02
C10091,Customer_91,Ahmedabad,Small Business,2025-08-11
C10092,Customer_92,Hyderabad,Corporate,2022-08-07
C10093,Customer_93,Mumbai,Corporate,2023-10-31
C10094,Customer_94,Delhi,Consumer,2026-02-27
C10095,Customer_95,Delhi,Consumer,2022-08-18
C10096,Customer_96,Delhi,Consumer,2022-01-20
C10097,Customer_97,Mumbai,Consumer,2023-07-07
C10098,Customer_98,Hyderabad,Consumer,2024-08-07
C10099,Customer_99,Delhi,Corporate,2022-05-28
C10100,Customer_100,Chennai,Consumer,2025-02-05
C10101,Customer_101,Kolkata,Consumer,2023-02-07
C10102,Customer_102,Mumbai,Small Business,2023-08-19
C10103,Customer_103,Mumbai,Small Business,2026-02-15
C10104,Customer_104,Hyderabad,Small Business,2023-01-02
C10105,Customer_105,Mumbai,Small Business,2025-12-08
C10106,Customer_106,Mumbai,Consumer,2025-08-25
C10107,Customer_107,Delhi,Consumer,2024-03-12
C10108,Customer_108,Hyderabad,Corporate,2024-07-06
C10109,Customer_109,Delhi,Corporate,2025-03-03
C10110,Customer_110,Kolkata,Consumer,2025-07-30
C10111,Customer_111,Ahmedabad,Small Business,2022-03-14
C10112,Customer_112,Kolkata,Consumer,2023-04-26
C10113,Customer_113,Ahmedabad,Consumer,2025-10-07
C10114,Customer_114,Delhi,Consumer,2023-07-14
C10115,Customer_115,Kolkata,Corporate,2025-09-11
C10116,Customer_116,Hyderabad,Corporate,2024-01-15
C10117,Customer_117,Bengaluru,Consumer,2026-01-06
C10118,Customer_118,Delhi,Small Business,2022-04-10
C10119,Customer_119,Ahmedabad,Consumer,2024-12-18
C10120,Customer_120,Chennai,Consumer,2023-05-23
C10121,Customer_121,Ahmedabad,Small Business,2022-09-15
C10122,Customer_122,Chennai,Small Business,2023-02-17
C10123,Customer_123,Mumbai,Small Business,2026-01-15
C10124,Customer_124,Kolkata,Small Business,2024-12-24
C10125,Customer_125,Chennai,Corporate,2023-08-18
C10126,Customer_126,Ahmedabad,Corporate,2025-03-23
C10127,Customer_127,Mumbai,Consumer,2022-09-23
C10128,Customer_128,Bengaluru,Consumer,2024-03-31
C10129,Customer_129,Hyderabad,Consumer,2025-01-07
C10130,Customer_130,Hyderabad,Consumer,2025-08-31
C10131,Customer_131,Hyderabad,Corporate,2023-10-24
C10132,Customer_132,Chennai,Consumer,2024-08-04
C10133,Customer_133,Bengaluru,Consumer,2023-07-14
C10134,Customer_134,Chennai,Consumer,2024-07-05
C10135,Customer_135,Kolkata,Corporate,2024-06-09
C10136,Customer_136,Chennai,Consumer,2025-06-25
C10137,Customer_137,Bengaluru,Small Business,2024-05-17
C10138,Customer_138,Bengaluru,Consumer,2023-09-02
C10139,Customer_139,Kolkata,Consumer,2023-02-18
C10140,Customer_140,Bengaluru,Corporate,2022-01-25
C10141,Customer_141,Ahmedabad,Small Business,2022-10-11
C10142,Customer_142,Bengaluru,Consumer,2026-01-12
C10143,Customer_143,Hyderabad,Corporate,2024-05-30
C10144,Customer_144,Ahmedabad,Corporate,2022-10-28
C10145,Customer_145,Ahmedabad,Consumer,2024-12-27
C10146,Customer_146,Kolkata,Small Business,2024-10-27
C10147,Customer_147,Pune,Corporate,2024-03-27
C10148,Customer_148,Pune,Corporate,2025-03-06
C10149,Customer_149,Bengaluru,Small Business,2025-04-02
C10150,Customer_150,Ahmedabad,Small Business,2022-03-24
C10151,Customer_151,Pune,Corporate,2025-12-14
C10152,Customer_152,Pune,Small Business,2025-01-01
C10153,Customer_153,Bengaluru,Corporate,2025-06-14
C10154,Customer_154,Pune,Corporate,2022-02-15
C10155,Customer_155,Chennai,Corporate,2023-09-10
C10156,Customer_156,Mumbai,Corporate,2024-07-16
C10157,Customer_157,Kolkata,Consumer,2022-09-19
C10158,Customer_158,Mumbai,Small Business,2022-06-25
C10159,Customer_159,Bengaluru,Small Business,2025-04-04
C10160,Customer_160,Hyderabad,Consumer,2023-10-19
C10161,Customer_161,Kolkata,Small Business,2024-04-21
C10162,Customer_162,Bengaluru,Consumer,2023-01-05
C10163,Customer_163,Ahmedabad,Consumer,2022-02-23
C10164,Customer_164,Hyderabad,Corporate,2023-11-21
C10165,Customer_165,Mumbai,Consumer,2025-12-13
C10166,Customer_166,Bengaluru,Small Business,2026-03-11
C10167,Customer_167,Ahmedabad,Small Business,2025-09-26
C10168,Customer_168,Kolkata,Consumer,2025-02-24
C10169,Customer_169,Kolkata,Consumer,2025-12-03
C10170,Customer_170,Delhi,Consumer,2023-01-02
C10171,Customer_171,Ahmedabad,Corporate,2025-07-18
C10172,Customer_172,Chennai,Small Business,2023-10-06
C10173,Customer_173,Pune,Corporate,2026-06-17
C10174,Customer_174,Hyderabad,Consumer,2023-01-14
C10175,Customer_175,Ahmedabad,Corporate,2022-03-14
C10176,Customer_176,Delhi,Consumer,2024-07-03
C10177,Customer_177,Pune,Corporate,2025-06-25
C10178,Customer_178,Pune,Consumer,2024-05-09
C10179,Customer_179,Bengaluru,Corporate,2022-02-12
C10180,Customer_180,Pune,Consumer,2023-01-12
C10181,Customer_181,Chennai,Small Business,2024-11-30
C10182,Customer_182,Kolkata,Consumer,2022-06-19
C10183,Customer_183,Delhi,Corporate,2022-07-31
C10184,Customer_184,Pune,Small Business,2026-02-25
C10185,Customer_185,Bengaluru,Consumer,2022-02-08
C10186,Customer_186,Chennai,Small Business,2023-01-04
C10187,Customer_187,Mumbai,Corporate,2024-01-27
C10188,Customer_188,Kolkata,Consumer,2022-05-31
C10189,Customer_189,Kolkata,Consumer,2025-02-08
C10190,Customer_190,Delhi,Corporate,2026-02-12
C10191,Customer_191,Kolkata,Consumer,2025-12-30
C10192,Customer_192,Pune,Corporate,2024-12-06
C10193,Customer_193,Bengaluru,Consumer,2024-10-20
C10194,Customer_194,Kolkata,Corporate,2026-05-18
C10195,Customer_195,Kolkata,Consumer,2024-01-07
C10196,Customer_196,Mumbai,Small Business,2025-10-21
C10197,Customer_197,Mumbai,Small Business,2022-03-10
C10198,Customer_198,Hyderabad,Small Business,2022-10-26
C10199,Customer_199,Chennai,Corporate,2024-08-01
C10200,Customer_200,Pune,Consumer,2024-03-12
C10201,Customer_201,Kolkata,Corporate,2022-10-23
C10202,Customer_202,Ahmedabad,Consumer,2022-07-22
C10203,Customer_203,Kolkata,Consumer,2022-03-02
C10204,Customer_204,Bengaluru,Consumer,2024-08-03
C10205,Customer_205,Hyderabad,Consumer,2024-08-20
C10206,Customer_206,Chennai,Corporate,2025-08-30
C10207,Customer_207,Ahmedabad,Corporate,2025-03-30
C10208,Customer_208,Hyderabad,Consumer,2022-11-27
C10209,Customer_209,Delhi,Consumer,2026-04-01
C10210,Customer_210,Chennai,Small Business,2022-12-04
C10211,Customer_211,Kolkata,Consumer,2026-06-18
C10212,Customer_212,Kolkata,Consumer,2025-08-20
C10213,Customer_213,Chennai,Consumer,2026-03-07
C10214,Customer_214,Kolkata,Corporate,2025-09-23
C10215,Customer_215,Pune,Corporate,2026-04-23
C10216,Customer_216,Chennai,Consumer,2023-10-01
C10217,Customer_217,Hyderabad,Consumer,2022-10-02
C10218,Customer_218,Chennai,Corporate,2025-04-02
C10219,Customer_219,Ahmedabad,Corporate,2026-01-06
C10220,Customer_220,Kolkata,Consumer,2022-11-15
C10221,Customer_221,Pune,Small Business,2023-08-12
C10222,Customer_222,Pune,Consumer,2023-05-19
C10223,Customer_223,Delhi,Consumer,2023-01-22
C10224,Customer_224,Hyderabad,Small Business,2024-05-19
C10225,Customer_225,Mumbai,Consumer,2024-04-12
C10226,Customer_226,Mumbai,Corporate,2024-10-11
C10227,Customer_227,Chennai,Consumer,2023-08-26
C10228,Customer_228,Delhi,Consumer,2023-11-22
C10229,Customer_229,Bengaluru,Small Business,2023-05-09
C10230,Customer_230,Chennai,Consumer,2023-05-05
C10231,Customer_231,Delhi,Small Business,2023-12-22
C10232,Customer_232,Hyderabad,Consumer,2025-01-01
C10233,Customer_233,Hyderabad,Consumer,2023-05-24
C10234,Customer_234,Hyderabad,Consumer,2023-01-25
C10235,Customer_235,Hyderabad,Corporate,2022-10-22
C10236,Customer_236,Hyderabad,Consumer,2025-10-24
C10237,Customer_237,Delhi,Small Business,2024-03-06
C10238,Customer_238,Delhi,Consumer,2024-05-14
C10239,Customer_239,Pune,Small Business,2023-07-03
C10240,Customer_240,Ahmedabad,Consumer,2023-10-11
C10241,Customer_241,Mumbai,Small Business,2023-07-22
C10242,Customer_242,Kolkata,Corporate,2025-04-25
C10243,Customer_243,Hyderabad,Corporate,2024-05-02
C10244,Customer_244,Bengaluru,Small Business,2024-02-09
C10245,Customer_245,Kolkata,Corporate,2023-03-21
C10246,Customer_246,Delhi,Corporate,2026-05-13
C10247,Customer_247,Bengaluru,Consumer,2022-12-29
C10248,Customer_248,Bengaluru,Consumer,2022-05-03
C10249,Customer_249,Bengaluru,Small Business,2025-04-26
C10250,Customer_250,Pune,Corporate,2024-01-12
C10251,Customer_251,Delhi,Corporate,2023-11-11
C10252,Customer_252,Bengaluru,Consumer,2023-02-24
C10253,Customer_253,Hyderabad,Consumer,2025-06-29
C10254,Customer_254,Chennai,Consumer,2026-04-22
C10255,Customer_255,Bengaluru,Corporate,2025-09-20
C10256,Customer_256,Pune,Consumer,2022-04-02
C10257,Customer_257,Kolkata,Consumer,2026-04-03
C10258,Customer_258,Delhi,Consumer,2022-03-04
C10259,Customer_259,Ahmedabad,Consumer,2023-05-27
C10260,Customer_260,Pune,Corporate,2025-03-08
C10261,Customer_261,Bengaluru,Consumer,2025-04-23
C10262,Customer_262,Delhi,Corporate,2025-05-13
C10263,Customer_263,Chennai,Consumer,2024-02-11
C10264,Customer_264,Bengaluru,Consumer,2025-05-22
C10265,Customer_265,Pune,Consumer,2022-09-13
C10266,Customer_266,Mumbai,Consumer,2022-05-15
C10267,Customer_267,Hyderabad,Consumer,2026-05-16
C10268,Customer_268,Ahmedabad,Consumer,2024-05-24
C10269,Customer_269,Kolkata,Corporate,2024-04-01
C10270,Customer_270,Pune,Consumer,2022-03-29
C10271,Customer_271,Delhi,Corporate,2024-09-14
C10272,Customer_272,Ahmedabad,Small Business,2025-05-15
C10273,Customer_273,Ahmedabad,Corporate,2025-02-26
C10274,Customer_274,Ahmedabad,Consumer,2024-04-02
C10275,Customer_275,Bengaluru,Consumer,2024-10-23
C10276,Customer_276,Hyderabad,Consumer,2024-08-31
C10277,Customer_277,Bengaluru,Consumer,2024-07-22
C10278,Customer_278,Delhi,Small Business,2022-05-01
C10279,Customer_279,Bengaluru,Consumer,2025-11-09
C10280,Customer_280,Mumbai,Consumer,2026-06-26
C10281,Customer_281,Hyderabad,Corporate,2024-11-27
C10282,Customer_282,Hyderabad,Corporate,2025-09-26
C10283,Customer_283,Delhi,Corporate,2024-10-04
C10284,Customer_284,Kolkata,Consumer,2024-07-13
C10285,Customer_285,Mumbai,Consumer,2023-10-07
C10286,Customer_286,Pune,Consumer,2023-12-15
C10287,Customer_287,Bengaluru,Consumer,2024-05-09
C10288,Customer_288,Chennai,Consumer,2022-01-21
C10289,Customer_289,Bengaluru,Consumer,2022-08-30
C10290,Customer_290,Ahmedabad,Consumer,2023-03-31
C10291,Customer_291,Bengaluru,Consumer,2024-08-20
C10292,Customer_292,Pune,Consumer,2023-09-13
C10293,Customer_293,Bengaluru,Corporate,2022-10-30
C10294,Customer_294,Mumbai,Corporate,2026-06-08
C10295,Customer_295,Mumbai,Small Business,2026-06-07
C10296,Customer_296,Hyderabad,Consumer,2024-03-13
C10297,Customer_297,Delhi,Consumer,2024-08-21
C10298,Customer_298,Kolkata,Consumer,2022-03-10
C10299,Customer_299,Chennai,Corporate,2025-02-26
C10300,Customer_300,Ahmedabad,Corporate,2022-07-15
C10301,Customer_301,Bengaluru,Consumer,2022-05-20
C10302,Customer_302,Bengaluru,Small Business,2026-01-07
C10303,Customer_303,Pune,Consumer,2022-10-10
C10304,Customer_304,Delhi,Consumer,2022-11-08
C10305,Customer_305,Mumbai,Corporate,2024-01-16
C10306,Customer_306,Chennai,Small Business,2026-04-08
C10307,Customer_307,Hyderabad,Corporate,2022-10-04
C10308,Customer_308,Mumbai,Small Business,2022-03-02
C10309,Customer_309,Ahmedabad,Consumer,2025-09-04
C10310,Customer_310,Delhi,Small Business,2022-02-21
C10311,Customer_311,Ahmedabad,Consumer,2022-06-02
C10312,Customer_312,Kolkata,Small Business,2025-08-27
C10313,Customer_313,Hyderabad,Consumer,2023-06-28
C10314,Customer_314,Kolkata,Small Business,2023-07-21
C10315,Customer_315,Pune,Consumer,2025-11-13
C10316,Customer_316,Ahmedabad,Corporate,2026-04-21
C10317,Customer_317,Pune,Consumer,2023-09-14
C10318,Customer_318,Bengaluru,Corporate,2025-04-15
C10319,Customer_319,Kolkata,Consumer,2025-10-17
C10320,Customer_320,Delhi,Consumer,2022-11-10
C10321,Customer_321,Ahmedabad,Consumer,2024-03-17
C10322,Customer_322,Chennai,Consumer,2024-04-27
C10323,Customer_323,Hyderabad,Small Business,2022-04-07
C10324,Customer_324,Mumbai,Consumer,2024-05-30
C10325,Customer_325,Delhi,Small Business,2025-05-21
C10326,Customer_326,Delhi,Consumer,2024-04-08
C10327,Customer_327,Pune,Consumer,2022-05-17
C10328,Customer_328,Kolkata,Corporate,2024-10-26
C10329,Customer_329,Ahmedabad,Corporate,2024-10-07
C10330,Customer_330,Ahmedabad,Consumer,2022-04-19
C10331,Customer_331,Bengaluru,Corporate,2023-07-01
C10332,Customer_332,Bengaluru,Corporate,2024-11-28
C10333,Customer_333,Hyderabad,Consumer,2023-10-24
C10334,Customer_334,Pune,Small Business,2023-03-01
C10335,Customer_335,Delhi,Small Business,2023-09-22
C10336,Customer_336,Ahmedabad,Corporate,2022-09-18
C10337,Customer_337,Chennai,Consumer,2025-12-20
C10338,Customer_338,Pune,Corporate,2022-03-28
C10339,Customer_339,Hyderabad,Consumer,2023-04-10
C10340,Customer_340,Hyderabad,Consumer,2022-03-17
C10341,Customer_341,Pune,Consumer,2023-04-16
C10342,Customer_342,Hyderabad,Consumer,2023-02-18
C10343,Customer_343,Pune,Small Business,2024-04-04
C10344,Customer_344,Mumbai,Corporate,2024-06-13
C10345,Customer_345,Pune,Corporate,2023-12-27
C10346,Customer_346,Kolkata,Consumer,2023-04-02
C10347,Customer_347,Pune,Consumer,2025-08-01
C10348,Customer_348,Hyderabad,Consumer,2025-06-16
C10349,Customer_349,Ahmedabad,Small Business,2026-06-11
C10350,Customer_350,Kolkata,Consumer,2023-10-15
C10351,Customer_351,Hyderabad,Small Business,2023-11-03
C10352,Customer_352,Bengaluru,Corporate,2026-05-01
C10353,Customer_353,Bengaluru,Consumer,2025-10-27
C10354,Customer_354,Ahmedabad,Corporate,2023-05-10
C10355,Customer_355,Ahmedabad,Consumer,2024-12-04
C10356,Customer_356,Kolkata,Small Business,2025-11-25
C10357,Customer_357,Mumbai,Small Business,2025-06-24
C10358,Customer_358,Ahmedabad,Consumer,2026-06-28
C10359,Customer_359,Bengaluru,Consumer,2023-08-20
C10360,Customer_360,Pune,Corporate,2023-03-26
C10361,Customer_361,Hyderabad,Small Business,2023-04-30
C10362,Customer_362,Bengaluru,Consumer,2023-10-08
C10363,Customer_363,Bengaluru,Corporate,2023-09-12
C10364,Customer_364,Mumbai,Corporate,2024-11-07
C10365,Customer_365,Kolkata,Corporate,2026-06-18
C10366,Customer_366,Kolkata,Consumer,2023-10-24
C10367,Customer_367,Delhi,Corporate,2024-01-28
C10368,Customer_368,Mumbai,Small Business,2022-10-16
C10369,Customer_369,Pune,Consumer,2025-12-08
C10370,Customer_370,Kolkata,Consumer,2023-12-22
C10371,Customer_371,Hyderabad,Small Business,2023-09-30
C10372,Customer_372,Ahmedabad,Consumer,2022-08-23
C10373,Customer_373,Mumbai,Small Business,2023-02-20
C10374,Customer_374,Ahmedabad,Consumer,2024-07-26
C10375,Customer_375,Bengaluru,Consumer,2023-05-14
C10376,Customer_376,Hyderabad,Small Business,2024-08-31
C10377,Customer_377,Hyderabad,Consumer,2023-09-26
C10378,Customer_378,Bengaluru,Consumer,2024-10-16
C10379,Customer_379,Mumbai,Consumer,2022-04-25
C10380,Customer_380,Bengaluru,Corporate,2024-07-20
C10381,Customer_381,Ahmedabad,Consumer,2023-11-05
C10382,Customer_382,Delhi,Consumer,2025-06-11
C10383,Customer_383,Hyderabad,Small Business,2026-04-13
C10384,Customer_384,Chennai,Consumer,2024-10-31
C10385,Customer_385,Chennai,Corporate,2022-07-25
C10386,Customer_386,Ahmedabad,Consumer,2022-09-04
C10387,Customer_387,Pune,Corporate,2026-05-02
C10388,Customer_388,Kolkata,Consumer,2024-01-28
C10389,Customer_389,Bengaluru,Small Business,2025-02-24
C10390,Customer_390,Bengaluru,Consumer,2022-05-27
C10391,Customer_391,Pune,Consumer,2022-04-28
C10392,Customer_392,Pune,Consumer,2025-11-06
C10393,Customer_393,Ahmedabad,Consumer,2023-02-16
C10394,Customer_394,Ahmedabad,Consumer,2026-05-27
C10395,Customer_395,Pune,Consumer,2022-12-29
C10396,Customer_396,Hyderabad,Small Business,2026-03-13
C10397,Customer_397,Ahmedabad,Consumer,2022-05-17
C10398,Customer_398,Delhi,Consumer,2025-04-13
C10399,Customer_399,Ahmedabad,Corporate,2025-08-05
C10400,Customer_400,Bengaluru,Corporate,2024-08-15
C10401,Customer_401,Ahmedabad,Consumer,2026-02-13
C10402,Customer_402,Hyderabad,Consumer,2022-01-19
C10403,Customer_403,Pune,Consumer,2022-07-14
C10404,Customer_404,Bengaluru,Corporate,2022-11-26
C10405,Customer_405,Ahmedabad,Corporate,2022-06-24
C10406,Customer_406,Hyderabad,Consumer,2024-09-28
C10407,Customer_407,Delhi,Small Business,2023-03-25
C10408,Customer_408,Ahmedabad,Small Business,2024-08-03
C10409,Customer_409,Hyderabad,Corporate,2025-10-09
C10410,Customer_410,Delhi,Small Business,2026-03-03
C10411,Customer_411,Pune,Consumer,2022-05-21
C10412,Customer_412,Ahmedabad,Consumer,2024-01-28
C10413,Customer_413,Delhi,Consumer,2024-07-18
C10414,Customer_414,Bengaluru,Consumer,2022-04-03
C10415,Customer_415,Pune,Consumer,2022-08-27
C10416,Customer_416,Bengaluru,Small Business,2022-07-24
C10417,Customer_417,Chennai,Consumer,2023-07-14
C10418,Customer_418,Mumbai,Consumer,2025-12-27
C10419,Customer_419,Ahmedabad,Consumer,2022-09-02
C10420,Customer_420,Delhi,Small Business,2024-04-11
C10421,Customer_421,Mumbai,Consumer,2025-09-02
C10422,Customer_422,Mumbai,Consumer,2024-07-13
C10423,Customer_423,Delhi,Consumer,2022-10-22
C10424,Customer_424,Pune,Consumer,2023-10-02
C10425,Customer_425,Ahmedabad,Small Business,2024-05-05
C10426,Customer_426,Chennai,Small Business,2025-07-29
C10427,Customer_427,Bengaluru,Consumer,2022-01-17
C10428,Customer_428,Hyderabad,Small Business,2022-03-12
C10429,Customer_429,Bengaluru,Corporate,2025-07-16
C10430,Customer_430,Hyderabad,Small Business,2025-09-10
C10431,Customer_431,Bengaluru,Consumer,2022-11-01
C10432,Customer_432,Delhi,Consumer,2026-01-14
C10433,Customer_433,Chennai,Consumer,2024-10-27
C10434,Customer_434,Ahmedabad,Corporate,2025-08-30
C10435,Customer_435,Hyderabad,Consumer,2024-03-27
C10436,Customer_436,Ahmedabad,Consumer,2025-01-31
C10437,Customer_437,Ahmedabad,Consumer,2024-03-31
C10438,Customer_438,Ahmedabad,Corporate,2022-07-12
C10439,Customer_439,Kolkata,Consumer,2026-05-17
C10440,Customer_440,Pune,Corporate,2023-06-13
C10441,Customer_441,Bengaluru,Small Business,2022-06-20
C10442,Customer_442,Ahmedabad,Consumer,2026-04-10
C10443,Customer_443,Bengaluru,Corporate,2022-09-08
C10444,Customer_444,Ahmedabad,Consumer,2025-11-11
C10445,Customer_445,Hyderabad,Small Business,2025-05-15
C10446,Customer_446,Pune,Consumer,2023-06-25
C10447,Customer_447,Pune,Corporate,2023-02-20
C10448,Customer_448,Delhi,Small Business,2024-03-04
C10449,Customer_449,Kolkata,Small Business,2025-11-04
C10450,Customer_450,Delhi,Corporate,2025-03-13
C10451,Customer_451,Delhi,Consumer,2022-01-25
C10452,Customer_452,Delhi,Corporate,2023-10-30
C10453,Customer_453,Delhi,Small Business,2025-01-01
C10454,Customer_454,Delhi,Corporate,2023-09-24
C10455,Customer_455,Chennai,Consumer,2025-01-21
C10456,Customer_456,Pune,Small Business,2023-05-20
C10457,Customer_457,Delhi,Corporate,2026-06-10
C10458,Customer_458,Ahmedabad,Corporate,2022-12-02
C10459,Customer_459,Pune,Consumer,2023-03-01
C10460,Customer_460,Pune,Corporate,2023-05-14
C10461,Customer_461,Mumbai,Consumer,2025-10-19
C10462,Customer_462,Chennai,Corporate,2024-08-04
C10463,Customer_463,Delhi,Consumer,2023-09-22
C10464,Customer_464,Bengaluru,Corporate,2025-05-07
C10465,Customer_465,Hyderabad,Small Business,2023-12-19
C10466,Customer_466,Kolkata,Consumer,2025-12-07
C10467,Customer_467,Ahmedabad,Small Business,2022-12-05
C10468,Customer_468,Bengaluru,Consumer,2023-10-21
C10469,Customer_469,Chennai,Small Business,2024-08-19
C10470,Customer_470,Hyderabad,Corporate,2023-03-05
C10471,Customer_471,Chennai,Corporate,2024-06-17
C10472,Customer_472,Ahmedabad,Corporate,2022-05-19
C10473,Customer_473,Pune,Small Business,2024-07-30
C10474,Customer_474,Hyderabad,Consumer,2023-06-26
C10475,Customer_475,Pune,Consumer,2022-02-26
C10476,Customer_476,Ahmedabad,Corporate,2025-06-09
C10477,Customer_477,Bengaluru,Small Business,2023-10-20
C10478,Customer_478,Ahmedabad,Corporate,2023-03-11
C10479,Customer_479,Bengaluru,Corporate,2023-01-19
C10480,Customer_480,Hyderabad,Consumer,2023-07-14
C10481,Customer_481,Hyderabad,Small Business,2022-07-13
C10482,Customer_482,Delhi,Consumer,2023-06-18
C10483,Customer_483,Chennai,Consumer,2023-06-02
C10484,Customer_484,Delhi,Consumer,2023-12-17
C10485,Customer_485,Chennai,Consumer,2024-01-21
C10486,Customer_486,Delhi,Consumer,2022-07-04
C10487,Customer_487,Pune,Consumer,2022-10-19
C10488,Customer_488,Hyderabad,Corporate,2025-09-20
C10489,Customer_489,Bengaluru,Consumer,2024-01-02
C10490,Customer_490,Chennai,Consumer,2022-04-26
C10491,Customer_491,Ahmedabad,Consumer,2024-04-04
C10492,Customer_492,Chennai,Consumer,2024-12-08
C10493,Customer_493,Bengaluru,Consumer,2023-11-16
C10494,Customer_494,Delhi,Consumer,2022-03-23
C10495,Customer_495,Chennai,Corporate,2024-04-13
C10496,Customer_496,Kolkata,Corporate,2022-11-29
C10497,Customer_497,Pune,Corporate,2023-07-11
C10498,Customer_498,Hyderabad,Consumer,2022-12-01
C10499,Customer_499,Bengaluru,Consumer,2023-06-16
C10500,Customer_500,Hyderabad,Small Business,2022-08-09
C10501,Customer_501,Kolkata,Consumer,2023-09-27
C10502,Customer_502,Chennai,Consumer,2022-11-19
C10503,Customer_503,Chennai,Consumer,2022-01-03
C10504,Customer_504,Ahmedabad,Consumer,2022-07-25
C10505,Customer_505,Kolkata,Consumer,2022-02-09
C10506,Customer_506,Bengaluru,Consumer,2022-02-28
C10507,Customer_507,Ahmedabad,Corporate,2024-08-08
C10508,Customer_508,Pune,Consumer,2023-07-28
C10509,Customer_509,Ahmedabad,Corporate,2023-10-06
C10510,Customer_510,Mumbai,Corporate,2026-03-11
C10511,Customer_511,Bengaluru,Small Business,2026-05-15
C10512,Customer_512,Mumbai,Corporate,2024-04-22
C10513,Customer_513,Kolkata,Small Business,2025-02-19
C10514,Customer_514,Delhi,Consumer,2026-02-11
C10515,Customer_515,Mumbai,Consumer,2023-09-11
C10516,Customer_516,Pune,Consumer,2022-04-06
C10517,Customer_517,Ahmedabad,Corporate,2025-12-08
C10518,Customer_518,Delhi,Small Business,2025-06-12
C10519,Customer_519,Ahmedabad,Consumer,2024-06-16
C10520,Customer_520,Mumbai,Small Business,2024-12-21
C10521,Customer_521,Ahmedabad,Consumer,2025-07-03
C10522,Customer_522,Kolkata,Small Business,2023-07-15
C10523,Customer_523,Delhi,Consumer,2024-06-23
C10524,Customer_524,Kolkata,Consumer,2022-12-14
C10525,Customer_525,Mumbai,Consumer,2023-11-02
C10526,Customer_526,Kolkata,Consumer,2025-02-21
C10527,Customer_527,Pune,Consumer,2026-02-14
C10528,Customer_528,Mumbai,Consumer,2022-11-13
C10529,Customer_529,Mumbai,Small Business,2026-03-08
C10530,Customer_530,Mumbai,Consumer,2023-12-20
C10531,Customer_531,Bengaluru,Consumer,2024-12-07
C10532,Customer_532,Ahmedabad,Corporate,2025-12-03
C10533,Customer_533,Bengaluru,Corporate,2025-03-05
C10534,Customer_534,Bengaluru,Consumer,2025-05-09
C10535,Customer_535,Pune,Consumer,2022-09-07
C10536,Customer_536,Delhi,Consumer,2022-11-10
C10537,Customer_537,Ahmedabad,Consumer,2025-10-23
C10538,Customer_538,Kolkata,Corporate,2025-12-23
C10539,Customer_539,Chennai,Consumer,2024-03-17
C10540,Customer_540,Mumbai,Consumer,2026-02-12
C10541,Customer_541,Kolkata,Corporate,2025-08-30
C10542,Customer_542,Mumbai,Consumer,2026-03-04
C10543,Customer_543,Pune,Corporate,2025-10-10
C10544,Customer_544,Mumbai,Consumer,2023-04-30
C10545,Customer_545,Bengaluru,Small Business,2025-05-19
C10546,Customer_546,Ahmedabad,Consumer,2022-02-13
C10547,Customer_547,Chennai,Small Business,2026-04-14
C10548,Customer_548,Hyderabad,Corporate,2023-07-25
C10549,Customer_549,Mumbai,Consumer,2023-08-06
C10550,Customer_550,Kolkata,Corporate,2025-01-20
C10551,Customer_551,Bengaluru,Small Business,2025-07-12
C10552,Customer_552,Hyderabad,Corporate,2024-06-13
C10553,Customer_553,Chennai,Small Business,2022-08-08
C10554,Customer_554,Hyderabad,Small Business,2024-07-13
C10555,Customer_555,Bengaluru,Consumer,2026-01-05
C10556,Customer_556,Ahmedabad,Consumer,2023-02-05
C10557,Customer_557,Ahmedabad,Corporate,2025-11-24
C10558,Customer_558,Delhi,Consumer,2023-12-28
C10559,Customer_559,Ahmedabad,Small Business,2024-09-17
C10560,Customer_560,Delhi,Small Business,2024-06-17
C10561,Customer_561,Hyderabad,Consumer,2026-05-19
C10562,Customer_562,Pune,Consumer,2024-05-07
C10563,Customer_563,Kolkata,Corporate,2024-03-14
C10564,Customer_564,Kolkata,Consumer,2023-05-05
C10565,Customer_565,Hyderabad,Small Business,2026-02-17
C10566,Customer_566,Mumbai,Consumer,2026-02-02
C10567,Customer_567,Mumbai,Corporate,2026-05-17
C10568,Customer_568,Ahmedabad,Consumer,2024-07-26
C10569,Customer_569,Kolkata,Corporate,2024-04-23
C10570,Customer_570,Kolkata,Consumer,2026-01-08
C10571,Customer_571,Delhi,Corporate,2025-07-16
C10572,Customer_572,Pune,Consumer,2022-09-24
C10573,Customer_573,Bengaluru,Corporate,2022-02-23
C10574,Customer_574,Mumbai,Small Business,2023-06-12
C10575,Customer_575,Kolkata,Consumer,2026-03-24
C10576,Customer_576,Delhi,Consumer,2023-09-08
C10577,Customer_577,Chennai,Consumer,2024-12-18
C10578,Customer_578,Delhi,Corporate,2024-11-29
C10579,Customer_579,Mumbai,Corporate,2025-06-14
C10580,Customer_580,Mumbai,Consumer,2024-08-12
C10581,Customer_581,Delhi,Consumer,2023-01-21
C10582,Customer_582,Bengaluru,Consumer,2026-06-18
C10583,Customer_583,Hyderabad,Corporate,2024-01-04
C10584,Customer_584,Mumbai,Consumer,2023-12-17
C10585,Customer_585,Delhi,Small Business,2023-10-12
C10586,Customer_586,Kolkata,Consumer,2022-10-27
C10587,Customer_587,Delhi,Corporate,2023-01-30
C10588,Customer_588,Pune,Consumer,2025-05-15
C10589,Customer_589,Hyderabad,Consumer,2025-09-21
C10590,Customer_590,Chennai,Corporate,2023-08-16
C10591,Customer_591,Bengaluru,Corporate,2023-05-29
C10592,Customer_592,Ahmedabad,Small Business,2025-04-16
C10593,Customer_593,Chennai,Consumer,2023-01-31
C10594,Customer_594,Hyderabad,Consumer,2023-01-06
C10595,Customer_595,Hyderabad,Corporate,2024-05-07
C10596,Customer_596,Hyderabad,Corporate,2024-03-01
C10597,Customer_597,Chennai,Consumer,2023-10-20
C10598,Customer_598,Kolkata,Consumer,2025-09-03
C10599,Customer_599,Hyderabad,Consumer,2024-01-06
C10600,Customer_600,Delhi,Small Business,2025-10-24
C10601,Customer_601,Chennai,Consumer,2023-01-19
C10602,Customer_602,Ahmedabad,Consumer,2022-03-03
C10603,Customer_603,Hyderabad,Consumer,2023-05-20
C10604,Customer_604,Delhi,Consumer,2022-08-27
C10605,Customer_605,Kolkata,Consumer,2022-07-14
C10606,Customer_606,Pune,Consumer,2023-11-09
C10607,Customer_607,Kolkata,Consumer,2025-05-30
C10608,Customer_608,Ahmedabad,Small Business,2022-03-02
C10609,Customer_609,Hyderabad,Consumer,2025-02-26
C10610,Customer_610,Ahmedabad,Consumer,2024-09-16
C10611,Customer_611,Chennai,Small Business,2023-11-16
C10612,Customer_612,Mumbai,Corporate,2022-06-05
C10613,Customer_613,Hyderabad,Consumer,2025-11-02
C10614,Customer_614,Mumbai,Consumer,2024-07-11
C10615,Customer_615,Delhi,Consumer,2024-05-17
C10616,Customer_616,Pune,Corporate,2024-06-21
C10617,Customer_617,Bengaluru,Small Business,2026-05-29
C10618,Customer_618,Ahmedabad,Corporate,2024-09-25
C10619,Customer_619,Kolkata,Corporate,2025-12-31
C10620,Customer_620,Pune,Corporate,2024-09-01
C10621,Customer_621,Hyderabad,Consumer,2025-05-15
C10622,Customer_622,Mumbai,Consumer,2023-01-23
C10623,Customer_623,Kolkata,Corporate,2026-02-12
C10624,Customer_624,Mumbai,Small Business,2024-06-05
C10625,Customer_625,Chennai,Consumer,2024-04-17
C10626,Customer_626,Mumbai,Corporate,2025-09-25
C10627,Customer_627,Chennai,Consumer,2022-12-06
C10628,Customer_628,Delhi,Consumer,2022-07-23
C10629,Customer_629,Kolkata,Consumer,2022-06-10
C10630,Customer_630,Kolkata,Consumer,2026-04-13
C10631,Customer_631,Bengaluru,Corporate,2023-01-27
C10632,Customer_632,Hyderabad,Consumer,2024-02-08
C10633,Customer_633,Chennai,Corporate,2023-07-29
C10634,Customer_634,Bengaluru,Corporate,2023-06-18
C10635,Customer_635,Mumbai,Small Business,2024-12-29
C10636,Customer_636,Mumbai,Consumer,2024-06-11
C10637,Customer_637,Bengaluru,Consumer,2023-02-09
C10638,Customer_638,Kolkata,Consumer,2023-08-31
C10639,Customer_639,Mumbai,Small Business,2026-06-03
C10640,Customer_640,Ahmedabad,Small Business,2026-03-21
C10641,Customer_641,Delhi,Consumer,2024-04-07
C10642,Customer_642,Delhi,Small Business,2025-02-17
C10643,Customer_643,Ahmedabad,Consumer,2023-11-21
C10644,Customer_644,Bengaluru,Corporate,2024-06-20
C10645,Customer_645,Ahmedabad,Consumer,2025-05-25
C10646,Customer_646,Chennai,Corporate,2022-02-25
C10647,Customer_647,Chennai,Consumer,2023-01-01
C10648,Customer_648,Bengaluru,Small Business,2026-03-08
C10649,Customer_649,Ahmedabad,Corporate,2023-03-31
C10650,Customer_650,Chennai,Corporate,2022-04-14
C10651,Customer_651,Kolkata,Consumer,2022-03-18
C10652,Customer_652,Ahmedabad,Consumer,2022-08-18
C10653,Customer_653,Kolkata,Consumer,2025-07-05
C10654,Customer_654,Chennai,Consumer,2025-07-11
C10655,Customer_655,Delhi,Consumer,2022-11-27
C10656,Customer_656,Chennai,Small Business,2025-04-20
C10657,Customer_657,Kolkata,Corporate,2024-06-11
C10658,Customer_658,Pune,Consumer,2026-04-23
C10659,Customer_659,Hyderabad,Consumer,2023-11-19
C10660,Customer_660,Mumbai,Consumer,2022-01-27
C10661,Customer_661,Ahmedabad,Corporate,2025-07-23
C10662,Customer_662,Pune,Consumer,2022-10-26
C10663,Customer_663,Chennai,Small Business,2024-08-14
C10664,Customer_664,Delhi,Consumer,2024-03-09
C10665,Customer_665,Bengaluru,Small Business,2025-01-19
C10666,Customer_666,Chennai,Small Business,2023-04-25
C10667,Customer_667,Delhi,Consumer,2023-07-27
C10668,Customer_668,Hyderabad,Small Business,2023-04-03
C10669,Customer_669,Chennai,Consumer,2026-01-14
C10670,Customer_670,Kolkata,Small Business,2022-12-31
C10671,Customer_671,Bengaluru,Consumer,2024-05-08
C10672,Customer_672,Delhi,Small Business,2022-12-17
C10673,Customer_673,Delhi,Small Business,2025-11-24
C10674,Customer_674,Delhi,Small Business,2022-09-10
C10675,Customer_675,Hyderabad,Corporate,2024-02-20
C10676,Customer_676,Chennai,Consumer,2024-03-13
C10677,Customer_677,Hyderabad,Consumer,2024-10-08
C10678,Customer_678,Ahmedabad,Consumer,2023-04-04
C10679,Customer_679,Mumbai,Consumer,2024-07-05
C10680,Customer_680,Mumbai,Corporate,2023-05-14
C10681,Customer_681,Ahmedabad,Consumer,2024-08-07
C10682,Customer_682,Chennai,Small Business,2023-05-23
C10683,Customer_683,Kolkata,Corporate,2025-08-20
C10684,Customer_684,Hyderabad,Small Business,2023-05-16
C10685,Customer_685,Bengaluru,Consumer,2024-03-13
C10686,Customer_686,Delhi,Small Business,2023-08-21
C10687,Customer_687,Delhi,Small Business,2022-06-15
C10688,Customer_688,Chennai,Consumer,2025-12-09
C10689,Customer_689,Kolkata,Corporate,2023-04-07
C10690,Customer_690,Mumbai,Corporate,2024-07-08
C10691,Customer_691,Mumbai,Consumer,2022-04-24
C10692,Customer_692,Delhi,Consumer,2025-12-27
C10693,Customer_693,Chennai,Consumer,2024-09-18
C10694,Customer_694,Hyderabad,Consumer,2025-10-11
C10695,Customer_695,Mumbai,Consumer,2022-07-26
C10696,Customer_696,Hyderabad,Consumer,2025-06-12
C10697,Customer_697,Kolkata,Consumer,2026-01-05
C10698,Customer_698,Mumbai,Consumer,2025-10-10
C10699,Customer_699,Mumbai,Small Business,2023-05-30
C10700,Customer_700,Pune,Consumer,2025-05-16
C10701,Customer_701,Mumbai,Small Business,2023-12-10
C10702,Customer_702,Ahmedabad,Consumer,2025-02-22
C10703,Customer_703,Bengaluru,Consumer,2022-05-18
C10704,Customer_704,Ahmedabad,Consumer,2022-12-05
C10705,Customer_705,Chennai,Consumer,2023-06-21
C10706,Customer_706,Chennai,Consumer,2022-03-09
C10707,Customer_707,Hyderabad,Corporate,2026-05-16
C10708,Customer_708,Ahmedabad,Consumer,2026-04-14
C10709,Customer_709,Ahmedabad,Corporate,2023-01-18
C10710,Customer_710,Ahmedabad,Corporate,2022-01-19
C10711,Customer_711,Kolkata,Consumer,2023-11-14
C10712,Customer_712,Mumbai,Consumer,2026-01-13
C10713,Customer_713,Bengaluru,Corporate,2022-03-15
C10714,Customer_714,Hyderabad,Consumer,2023-07-27
C10715,Customer_715,Ahmedabad,Consumer,2024-07-27
C10716,Customer_716,Ahmedabad,Small Business,2025-07-23
C10717,Customer_717,Pune,Consumer,2024-12-07
C10718,Customer_718,Hyderabad,Corporate,2022-07-30
C10719,Customer_719,Ahmedabad,Small Business,2024-05-04
C10720,Customer_720,Hyderabad,Consumer,2023-10-13
C10721,Customer_721,Mumbai,Consumer,2024-09-20
C10722,Customer_722,Pune,Consumer,2023-11-26
C10723,Customer_723,Hyderabad,Consumer,2023-06-24
C10724,Customer_724,Bengaluru,Consumer,2025-04-29
C10725,Customer_725,Bengaluru,Corporate,2025-08-31
C10726,Customer_726,Chennai,Consumer,2024-06-19
C10727,Customer_727,Pune,Consumer,2026-05-06
C10728,Customer_728,Pune,Small Business,2024-02-19
C10729,Customer_729,Chennai,Small Business,2026-05-05
C10730,Customer_730,Hyderabad,Corporate,2025-02-10
C10731,Customer_731,Pune,Consumer,2022-06-19
C10732,Customer_732,Bengaluru,Corporate,2026-01-31
C10733,Customer_733,Bengaluru,Consumer,2024-11-03
C10734,Customer_734,Ahmedabad,Consumer,2022-10-15
C10735,Customer_735,Mumbai,Consumer,2022-07-08
C10736,Customer_736,Pune,Small Business,2024-07-02
C10737,Customer_737,Hyderabad,Consumer,2025-03-24
C10738,Customer_738,Chennai,Consumer,2026-05-10
C10739,Customer_739,Chennai,Consumer,2023-11-25
C10740,Customer_740,Hyderabad,Consumer,2024-06-06
C10741,Customer_741,Kolkata,Small Business,2023-04-16
C10742,Customer_742,Delhi,Corporate,2025-01-03
C10743,Customer_743,Mumbai,Corporate,2022-10-04
C10744,Customer_744,Chennai,Consumer,2024-07-28
C10745,Customer_745,Pune,Consumer,2025-09-28
C10746,Customer_746,Mumbai,Consumer,2025-12-19
C10747,Customer_747,Pune,Consumer,2023-07-25
C10748,Customer_748,Kolkata,Consumer,2026-03-15
C10749,Customer_749,Bengaluru,Corporate,2024-05-06
C10750,Customer_750,Mumbai,Consumer,2024-09-27
C10751,Customer_751,Ahmedabad,Consumer,2025-04-20
C10752,Customer_752,Chennai,Consumer,2023-04-03
C10753,Customer_753,Mumbai,Consumer,2024-07-06
C10754,Customer_754,Mumbai,Consumer,2024-04-12
C10755,Customer_755,Mumbai,Small Business,2024-12-23
C10756,Customer_756,Delhi,Small Business,2024-04-18
C10757,Customer_757,Mumbai,Small Business,2025-07-07
C10758,Customer_758,Pune,Consumer,2022-07-12
C10759,Customer_759,Bengaluru,Consumer,2023-09-08
C10760,Customer_760,Kolkata,Consumer,2023-02-10
C10761,Customer_761,Hyderabad,Consumer,2024-07-31
C10762,Customer_762,Mumbai,Small Business,2023-12-22
C10763,Customer_763,Chennai,Consumer,2022-04-03
C10764,Customer_764,Mumbai,Consumer,2023-03-06
C10765,Customer_765,Chennai,Consumer,2023-10-16
C10766,Customer_766,Pune,Consumer,2025-12-28
C10767,Customer_767,Chennai,Corporate,2025-11-28
C10768,Customer_768,Ahmedabad,Consumer,2023-03-10
C10769,Customer_769,Hyderabad,Consumer,2025-02-09
C10770,Customer_770,Bengaluru,Consumer,2023-01-10
C10771,Customer_771,Chennai,Consumer,2024-12-18
C10772,Customer_772,Chennai,Corporate,2024-12-02
C10773,Customer_773,Bengaluru,Small Business,2022-07-26
C10774,Customer_774,Hyderabad,Small Business,2024-02-19
C10775,Customer_775,Mumbai,Corporate,2025-08-12
C10776,Customer_776,Chennai,Consumer,2025-02-15
C10777,Customer_777,Bengaluru,Corporate,2023-06-16
C10778,Customer_778,Ahmedabad,Consumer,2025-05-30
C10779,Customer_779,Ahmedabad,Consumer,2022-06-15
C10780,Customer_780,Pune,Small Business,2023-10-05
C10781,Customer_781,Bengaluru,Consumer,2025-03-25
C10782,Customer_782,Pune,Small Business,2025-04-22
C10783,Customer_783,Ahmedabad,Consumer,2022-03-31
C10784,Customer_784,Hyderabad,Corporate,2025-01-22
C10785,Customer_785,Mumbai,Corporate,2022-01-13
C10786,Customer_786,Bengaluru,Small Business,2024-08-30
C10787,Customer_787,Kolkata,Corporate,2024-03-15
C10788,Customer_788,Ahmedabad,Corporate,2024-08-02
C10789,Customer_789,Ahmedabad,Consumer,2024-01-12
C10790,Customer_790,Kolkata,Consumer,2026-01-01
C10791,Customer_791,Delhi,Consumer,2026-04-11
C10792,Customer_792,Ahmedabad,Corporate,2026-05-30
C10793,Customer_793,Chennai,Consumer,2024-05-25
C10794,Customer_794,Hyderabad,Corporate,2025-03-19
C10795,Customer_795,Bengaluru,Consumer,2023-10-22
C10796,Customer_796,Kolkata,Consumer,2024-10-28
C10797,Customer_797,Chennai,Corporate,2024-11-18
C10798,Customer_798,Kolkata,Consumer,2022-10-23
C10799,Customer_799,Bengaluru,Consumer,2024-09-12
C10800,Customer_800,Pune,Consumer,2024-07-14
C10801,Customer_801,Bengaluru,Small Business,2023-10-02
C10802,Customer_802,Delhi,Corporate,2022-12-06
C10803,Customer_803,Bengaluru,Consumer,2023-09-20
C10804,Customer_804,Bengaluru,Consumer,2023-03-15
C10805,Customer_805,Delhi,Consumer,2025-03-13
C10806,Customer_806,Hyderabad,Corporate,2024-07-30
C10807,Customer_807,Ahmedabad,Corporate,2024-04-09
C10808,Customer_808,Bengaluru,Consumer,2023-06-03
C10809,Customer_809,Delhi,Consumer,2024-09-02
C10810,Customer_810,Chennai,Consumer,2024-12-04
C10811,Customer_811,Pune,Corporate,2024-08-12
C10812,Customer_812,Pune,Corporate,2025-06-16
C10813,Customer_813,Bengaluru,Consumer,2024-08-09
C10814,Customer_814,Hyderabad,Consumer,2024-08-01
C10815,Customer_815,Hyderabad,Consumer,2022-06-04
C10816,Customer_816,Chennai,Small Business,2025-04-19
C10817,Customer_817,Bengaluru,Consumer,2025-05-23
C10818,Customer_818,Pune,Corporate,2022-03-29
C10819,Customer_819,Hyderabad,Corporate,2025-07-03
C10820,Customer_820,Bengaluru,Consumer,2026-03-15
C10821,Customer_821,Kolkata,Consumer,2025-01-01
C10822,Customer_822,Hyderabad,Consumer,2024-07-19
C10823,Customer_823,Delhi,Corporate,2022-06-28
C10824,Customer_824,Kolkata,Corporate,2022-07-31
C10825,Customer_825,Ahmedabad,Corporate,2025-06-11
C10826,Customer_826,Hyderabad,Consumer,2023-04-10
C10827,Customer_827,Pune,Consumer,2025-05-31
C10828,Customer_828,Mumbai,Small Business,2023-09-23
C10829,Customer_829,Kolkata,Corporate,2024-04-04
C10830,Customer_830,Ahmedabad,Consumer,2025-07-11
C10831,Customer_831,Chennai,Small Business,2025-05-15
C10832,Customer_832,Chennai,Corporate,2023-08-30
C10833,Customer_833,Pune,Corporate,2024-06-03
C10834,Customer_834,Hyderabad,Corporate,2023-01-01
C10835,Customer_835,Bengaluru,Small Business,2022-10-03
C10836,Customer_836,Hyderabad,Corporate,2023-01-15
C10837,Customer_837,Pune,Consumer,2025-08-25
C10838,Customer_838,Chennai,Consumer,2025-07-15
C10839,Customer_839,Hyderabad,Small Business,2024-08-02
C10840,Customer_840,Chennai,Consumer,2024-12-23
C10841,Customer_841,Kolkata,Consumer,2024-03-20
C10842,Customer_842,Ahmedabad,Consumer,2025-10-05
C10843,Customer_843,Bengaluru,Consumer,2024-07-13
C10844,Customer_844,Kolkata,Corporate,2023-05-09
C10845,Customer_845,Chennai,Small Business,2026-03-27
C10846,Customer_846,Chennai,Consumer,2025-01-26
C10847,Customer_847,Mumbai,Consumer,2024-12-30
C10848,Customer_848,Mumbai,Consumer,2022-12-30
C10849,Customer_849,Kolkata,Small Business,2023-07-24
C10850,Customer_850,Delhi,Corporate,2024-02-02
C10851,Customer_851,Kolkata,Consumer,2022-10-03
C10852,Customer_852,Mumbai,Small Business,2022-02-19
C10853,Customer_853,Chennai,Small Business,2025-10-13
C10854,Customer_854,Pune,Small Business,2023-12-29
C10855,Customer_855,Kolkata,Small Business,2024-06-24
C10856,Customer_856,Chennai,Consumer,2024-07-16
C10857,Customer_857,Pune,Corporate,2023-07-18
C10858,Customer_858,Pune,Consumer,2024-02-22
C10859,Customer_859,Mumbai,Small Business,2023-04-30
C10860,Customer_860,Kolkata,Corporate,2025-01-12
C10861,Customer_861,Hyderabad,Corporate,2023-08-07
C10862,Customer_862,Bengaluru,Corporate,2025-08-12
C10863,Customer_863,Mumbai,Consumer,2022-08-24
C10864,Customer_864,Mumbai,Consumer,2022-02-25
C10865,Customer_865,Hyderabad,Small Business,2022-12-26
C10866,Customer_866,Bengaluru,Small Business,2022-04-20
C10867,Customer_867,Chennai,Consumer,2022-07-11
C10868,Customer_868,Delhi,Consumer,2024-06-22
C10869,Customer_869,Kolkata,Consumer,2025-01-21
C10870,Customer_870,Delhi,Corporate,2024-05-11
C10871,Customer_871,Chennai,Small Business,2023-07-22
C10872,Customer_872,Ahmedabad,Consumer,2024-12-19
C10873,Customer_873,Mumbai,Consumer,2023-10-12
C10874,Customer_874,Bengaluru,Small Business,2022-02-08
C10875,Customer_875,Mumbai,Corporate,2026-04-13
C10876,Customer_876,Pune,Consumer,2024-12-08
C10877,Customer_877,Mumbai,Corporate,2025-12-14
C10878,Customer_878,Mumbai,Consumer,2023-09-29
C10879,Customer_879,Chennai,Consumer,2024-11-02
C10880,Customer_880,Chennai,Corporate,2022-02-05
C10881,Customer_881,Chennai,Corporate,2022-04-11
C10882,Customer_882,Delhi,Small Business,2025-01-14
C10883,Customer_883,Pune,Corporate,2026-03-20
C10884,Customer_884,Ahmedabad,Corporate,2025-05-31
C10885,Customer_885,Ahmedabad,Consumer,2025-09-23
C10886,Customer_886,Chennai,Consumer,2022-06-15
C10887,Customer_887,Bengaluru,Consumer,2023-01-18
C10888,Customer_888,Delhi,Consumer,2025-10-31
C10889,Customer_889,Hyderabad,Corporate,2026-02-03
C10890,Customer_890,Bengaluru,Small Business,2024-02-29
C10891,Customer_891,Kolkata,Consumer,2022-01-31
C10892,Customer_892,Kolkata,Consumer,2025-10-30
C10893,Customer_893,Bengaluru,Small Business,2022-01-11
C10894,Customer_894,Chennai,Consumer,2025-08-18
C10895,Customer_895,Hyderabad,Corporate,2022-04-06
C10896,Customer_896,Hyderabad,Corporate,2025-04-28
C10897,Customer_897,Delhi,Corporate,2023-03-29
C10898,Customer_898,Hyderabad,Consumer,2022-07-11
C10899,Customer_899,Kolkata,Consumer,2023-05-01
C10900,Customer_900,Pune,Corporate,2025-07-13
C10901,Customer_901,Chennai,Corporate,2025-12-18
C10902,Customer_902,Hyderabad,Consumer,2025-02-25
C10903,Customer_903,Delhi,Corporate,2022-08-26
C10904,Customer_904,Kolkata,Consumer,2025-10-10
C10905,Customer_905,Pune,Corporate,2025-02-09
C10906,Customer_906,Mumbai,Consumer,2026-01-09
C10907,Customer_907,Mumbai,Small Business,2025-09-28
C10908,Customer_908,Pune,Consumer,2025-03-14
C10909,Customer_909,Kolkata,Consumer,2024-12-24
C10910,Customer_910,Delhi,Consumer,2025-06-24
C10911,Customer_911,Pune,Consumer,2024-01-05
C10912,Customer_912,Chennai,Small Business,2024-09-17
C10913,Customer_913,Chennai,Small Business,2026-02-22
C10914,Customer_914,Mumbai,Consumer,2024-04-04
C10915,Customer_915,Hyderabad,Consumer,2026-01-02
C10916,Customer_916,Delhi,Corporate,2022-04-16
C10917,Customer_917,Mumbai,Small Business,2022-06-30
C10918,Customer_918,Hyderabad,Corporate,2022-07-03
C10919,Customer_919,Hyderabad,Consumer,2022-08-14
C10920,Customer_920,Ahmedabad,Consumer,2024-02-16
C10921,Customer_921,Chennai,Corporate,2024-02-29
C10922,Customer_922,Kolkata,Consumer,2025-01-17
C10923,Customer_923,Bengaluru,Corporate,2023-11-19
C10924,Customer_924,Kolkata,Consumer,2023-06-14
C10925,Customer_925,Bengaluru,Corporate,2025-10-26
C10926,Customer_926,Pune,Consumer,2024-08-29
C10927,Customer_927,Chennai,Corporate,2024-07-24
C10928,Customer_928,Hyderabad,Consumer,2025-11-23
C10929,Customer_929,Delhi,Corporate,2022-04-16
C10930,Customer_930,Bengaluru,Consumer,2025-07-18
C10931,Customer_931,Kolkata,Corporate,2024-04-10
C10932,Customer_932,Hyderabad,Corporate,2026-03-07
C10933,Customer_933,Bengaluru,Corporate,2023-11-10
C10934,Customer_934,Bengaluru,Corporate,2026-03-29
C10935,Customer_935,Ahmedabad,Corporate,2024-04-28
C10936,Customer_936,Bengaluru,Small Business,2024-11-21
C10937,Customer_937,Delhi,Consumer,2023-01-28
C10938,Customer_938,Chennai,Small Business,2022-02-09
C10939,Customer_939,Delhi,Consumer,2023-10-22
C10940,Customer_940,Mumbai,Consumer,2025-05-26
C10941,Customer_941,Hyderabad,Consumer,2024-09-07
C10942,Customer_942,Chennai,Consumer,2025-01-10
C10943,Customer_943,Ahmedabad,Corporate,2024-04-24
C10944,Customer_944,Chennai,Corporate,2022-07-20
C10945,Customer_945,Chennai,Corporate,2023-03-23
C10946,Customer_946,Kolkata,Consumer,2025-12-22
C10947,Customer_947,Chennai,Consumer,2024-11-27
C10948,Customer_948,Ahmedabad,Consumer,2025-05-19
C10949,Customer_949,Delhi,Consumer,2023-03-20
C10950,Customer_950,Chennai,Consumer,2025-09-12
C10951,Customer_951,Pune,Consumer,2024-01-31
C10952,Customer_952,Hyderabad,Consumer,2022-08-15
C10953,Customer_953,Chennai,Corporate,2022-02-17
C10954,Customer_954,Hyderabad,Corporate,2024-11-07
C10955,Customer_955,Pune,Small Business,2024-06-30
C10956,Customer_956,Pune,Small Business,2026-01-02
C10957,Customer_957,Hyderabad,Corporate,2022-07-06
C10958,Customer_958,Bengaluru,Consumer,2022-12-11
C10959,Customer_959,Mumbai,Corporate,2022-08-12
C10960,Customer_960,Kolkata,Corporate,2024-04-09
C10961,Customer_961,Bengaluru,Consumer,2023-05-03
C10962,Customer_962,Bengaluru,Consumer,2024-05-26
C10963,Customer_963,Delhi,Small Business,2024-04-28
C10964,Customer_964,Kolkata,Consumer,2025-06-06
C10965,Customer_965,Kolkata,Corporate,2025-11-14
C10966,Customer_966,Bengaluru,Corporate,2024-09-05
C10967,Customer_967,Chennai,Consumer,2026-06-01
C10968,Customer_968,Delhi,Consumer,2024-10-13
C10969,Customer_969,Delhi,Consumer,2022-07-07
C10970,Customer_970,Pune,Consumer,2022-09-27
C10971,Customer_971,Ahmedabad,Consumer,2026-06-19
C10972,Customer_972,Kolkata,Small Business,2022-11-06
C10973,Customer_973,Bengaluru,Consumer,2025-03-01
C10974,Customer_974,Pune,Consumer,2026-04-24
C10975,Customer_975,Hyderabad,Consumer,2024-12-31
C10976,Customer_976,Mumbai,Small Business,2024-04-24
C10977,Customer_977,Ahmedabad,Consumer,2025-04-25
C10978,Customer_978,Ahmedabad,Consumer,2023-05-01
C10979,Customer_979,Ahmedabad,Small Business,2025-04-29
C10980,Customer_980,Delhi,Small Business,2025-12-16
C10981,Customer_981,Hyderabad,Consumer,2022-04-30
C10982,Customer_982,Ahmedabad,Small Business,2022-08-08
C10983,Customer_983,Hyderabad,Consumer,2022-02-22
C10984,Customer_984,Chennai,Consumer,2026-01-14
C10985,Customer_985,Ahmedabad,Consumer,2025-12-06
C10986,Customer_986,Mumbai,Consumer,2025-06-14
C10987,Customer_987,Hyderabad,Corporate,2024-01-28
C10988,Customer_988,Hyderabad,Consumer,2024-01-08
C10989,Customer_989,Mumbai,Consumer,2023-12-21
C10990,Customer_990,Ahmedabad,Corporate,2023-02-10
C10991,Customer_991,Mumbai,Corporate,2023-08-31
C10992,Customer_992,Hyderabad,Consumer,2024-10-17
C10993,Customer_993,Mumbai,Corporate,2023-02-26
C10994,Customer_994,Hyderabad,Consumer,2023-12-13
C10995,Customer_995,Hyderabad,Corporate,2022-09-04
C10996,Customer_996,Chennai,Corporate,2022-03-13
C10997,Customer_997,Bengaluru,Small Business,2022-07-04
C10998,Customer_998,Hyderabad,Consumer,2022-01-06
C10999,Customer_999,Ahmedabad,Consumer,2025-05-14
C11000,Customer_1000,Pune,Consumer,2026-04-17
C11001,Customer_1001,Delhi,Consumer,2026-06-23
C11002,Customer_1002,Kolkata,Consumer,2024-06-24
C11003,Customer_1003,Bengaluru,Small Business,2023-01-22
C11004,Customer_1004,Bengaluru,Consumer,2023-11-30
C11005,Customer_1005,Bengaluru,Consumer,2025-01-04
C11006,Customer_1006,Chennai,Corporate,2025-04-15
C11007,Customer_1007,Hyderabad,Consumer,2024-04-06
C11008,Customer_1008,Chennai,Corporate,2022-12-15
C11009,Customer_1009,Hyderabad,Consumer,2025-07-02
C11010,Customer_1010,Ahmedabad,Consumer,2022-11-04
C11011,Customer_1011,Chennai,Consumer,2025-09-30
C11012,Customer_1012,Chennai,Consumer,2025-02-24
C11013,Customer_1013,Delhi,Small Business,2022-10-14
C11014,Customer_1014,Pune,Consumer,2024-02-05
C11015,Customer_1015,Chennai,Consumer,2023-12-26
C11016,Customer_1016,Delhi,Consumer,2024-02-01
C11017,Customer_1017,Mumbai,Consumer,2026-06-08
C11018,Customer_1018,Pune,Small Business,2026-02-19
C11019,Customer_1019,Ahmedabad,Consumer,2023-01-18
C11020,Customer_1020,Chennai,Corporate,2025-11-30
C11021,Customer_1021,Kolkata,Small Business,2023-01-23
C11022,Customer_1022,Bengaluru,Corporate,2023-06-09
C11023,Customer_1023,Mumbai,Small Business,2026-04-30
C11024,Customer_1024,Mumbai,Consumer,2023-10-01
C11025,Customer_1025,Ahmedabad,Consumer,2024-07-26
C11026,Customer_1026,Delhi,Consumer,2022-10-03
C11027,Customer_1027,Mumbai,Corporate,2023-05-15
C11028,Customer_1028,Pune,Small Business,2023-12-18
C11029,Customer_1029,Chennai,Consumer,2022-12-03
C11030,Customer_1030,Chennai,Corporate,2024-07-20
C11031,Customer_1031,Kolkata,Consumer,2023-04-26
C11032,Customer_1032,Ahmedabad,Corporate,2024-06-29
C11033,Customer_1033,Bengaluru,Consumer,2025-07-20
C11034,Customer_1034,Delhi,Small Business,2024-12-17
C11035,Customer_1035,Bengaluru,Corporate,2025-09-13
C11036,Customer_1036,Mumbai,Consumer,2022-04-19
C11037,Customer_1037,Ahmedabad,Consumer,2025-07-26
C11038,Customer_1038,Kolkata,Consumer,2022-11-24
C11039,Customer_1039,Bengaluru,Consumer,2022-11-11
C11040,Customer_1040,Pune,Consumer,2026-02-06
C11041,Customer_1041,Chennai,Small Business,2025-02-08
C11042,Customer_1042,Mumbai,Corporate,2023-11-30
C11043,Customer_1043,Kolkata,Consumer,2024-02-20
C11044,Customer_1044,Bengaluru,Consumer,2025-06-06
C11045,Customer_1045,Delhi,Small Business,2026-03-01
C11046,Customer_1046,Pune,Corporate,2022-06-05
C11047,Customer_1047,Pune,Consumer,2026-02-05
C11048,Customer_1048,Bengaluru,Corporate,2025-07-19
C11049,Customer_1049,Chennai,Consumer,2024-06-05
C11050,Customer_1050,Bengaluru,Consumer,2024-10-22
C11051,Customer_1051,Mumbai,Consumer,2024-01-28
C11052,Customer_1052,Bengaluru,Consumer,2023-12-23
C11053,Customer_1053,Pune,Consumer,2026-03-15
C11054,Customer_1054,Kolkata,Small Business,2024-07-01
C11055,Customer_1055,Bengaluru,Small Business,2025-08-02
C11056,Customer_1056,Chennai,Corporate,2024-05-20
C11057,Customer_1057,Ahmedabad,Consumer,2022-01-13
C11058,Customer_1058,Kolkata,Consumer,2023-08-31
C11059,Customer_1059,Delhi,Corporate,2023-05-13
C11060,Customer_1060,Hyderabad,Consumer,2022-08-26
C11061,Customer_1061,Bengaluru,Consumer,2025-01-22
C11062,Customer_1062,Chennai,Consumer,2025-09-23
C11063,Customer_1063,Kolkata,Small Business,2024-02-20
C11064,Customer_1064,Chennai,Consumer,2025-04-09
C11065,Customer_1065,Delhi,Consumer,2023-08-29
C11066,Customer_1066,Pune,Corporate,2023-10-23
C11067,Customer_1067,Chennai,Consumer,2026-05-10
C11068,Customer_1068,Kolkata,Consumer,2024-04-28
C11069,Customer_1069,Chennai,Consumer,2024-07-24
C11070,Customer_1070,Chennai,Consumer,2026-01-30
C11071,Customer_1071,Chennai,Corporate,2023-09-20
C11072,Customer_1072,Mumbai,Consumer,2022-05-23
C11073,Customer_1073,Mumbai,Consumer,2025-05-09
C11074,Customer_1074,Pune,Small Business,2025-04-18
C11075,Customer_1075,Bengaluru,Small Business,2023-12-15
C11076,Customer_1076,Chennai,Small Business,2025-10-19
C11077,Customer_1077,Delhi,Consumer,2023-04-24
C11078,Customer_1078,Bengaluru,Consumer,2023-07-19
C11079,Customer_1079,Delhi,Small Business,2023-04-16
C11080,Customer_1080,Bengaluru,Corporate,2023-01-19
C11081,Customer_1081,Pune,Consumer,2024-07-14
C11082,Customer_1082,Chennai,Consumer,2023-02-21
C11083,Customer_1083,Chennai,Consumer,2022-11-04
C11084,Customer_1084,Hyderabad,Small Business,2023-10-11
C11085,Customer_1085,Delhi,Consumer,2025-10-22
C11086,Customer_1086,Bengaluru,Consumer,2024-10-21
C11087,Customer_1087,Bengaluru,Consumer,2024-12-03
C11088,Customer_1088,Ahmedabad,Corporate,2024-01-09
C11089,Customer_1089,Ahmedabad,Small Business,2025-01-26
C11090,Customer_1090,Mumbai,Consumer,2025-07-12
C11091,Customer_1091,Hyderabad,Corporate,2022-05-20
C11092,Customer_1092,Kolkata,Small Business,2026-02-13
C11093,Customer_1093,Ahmedabad,Consumer,2025-06-14
C11094,Customer_1094,Kolkata,Consumer,2024-08-31
C11095,Customer_1095,Mumbai,Consumer,2024-10-13
C11096,Customer_1096,Mumbai,Corporate,2024-08-10
C11097,Customer_1097,Mumbai,Corporate,2024-06-22
C11098,Customer_1098,Delhi,Corporate,2022-03-13
C11099,Customer_1099,Delhi,Corporate,2025-04-28
C11100,Customer_1100,Pune,Consumer,2025-07-15
C11101,Customer_1101,Pune,Small Business,2025-09-06
C11102,Customer_1102,Mumbai,Consumer,2022-04-17
C11103,Customer_1103,Hyderabad,Consumer,2025-06-09
C11104,Customer_1104,Bengaluru,Corporate,2024-12-01
C11105,Customer_1105,Delhi,Corporate,2024-06-01
C11106,Customer_1106,Hyderabad,Consumer,2022-05-19
C11107,Customer_1107,Chennai,Small Business,2023-09-07
C11108,Customer_1108,Delhi,Small Business,2024-05-12
C11109,Customer_1109,Delhi,Consumer,2022-09-30
C11110,Customer_1110,Pune,Small Business,2026-02-13
C11111,Customer_1111,Bengaluru,Consumer,2023-02-20
C11112,Customer_1112,Bengaluru,Consumer,2023-05-21
C11113,Customer_1113,Ahmedabad,Consumer,2024-01-03
C11114,Customer_1114,Kolkata,Small Business,2023-02-28
C11115,Customer_1115,Kolkata,Corporate,2025-12-01
C11116,Customer_1116,Kolkata,Consumer,2026-05-11
C11117,Customer_1117,Kolkata,Consumer,2023-01-25
C11118,Customer_1118,Chennai,Corporate,2022-12-08
C11119,Customer_1119,Chennai,Consumer,2024-08-03
C11120,Customer_1120,Delhi,Small Business,2023-09-06
C11121,Customer_1121,Mumbai,Small Business,2023-05-08
C11122,Customer_1122,Pune,Consumer,2022-07-11
C11123,Customer_1123,Pune,Small Business,2023-05-14
C11124,Customer_1124,Kolkata,Consumer,2024-04-01
C11125,Customer_1125,Delhi,Small Business,2025-06-10
C11126,Customer_1126,Ahmedabad,Corporate,2022-08-15
C11127,Customer_1127,Hyderabad,Corporate,2025-10-26
C11128,Customer_1128,Mumbai,Consumer,2022-05-19
C11129,Customer_1129,Delhi,Small Business,2024-05-05
C11130,Customer_1130,Mumbai,Consumer,2024-03-27
C11131,Customer_1131,Mumbai,Consumer,2025-03-18
C11132,Customer_1132,Mumbai,Consumer,2025-02-12
C11133,Customer_1133,Delhi,Corporate,2026-01-13
C11134,Customer_1134,Kolkata,Consumer,2024-12-22
C11135,Customer_1135,Pune,Corporate,2022-04-14
C11136,Customer_1136,Pune,Small Business,2024-05-20
C11137,Customer_1137,Kolkata,Consumer,2023-10-30
C11138,Customer_1138,Mumbai,Corporate,2022-09-30
C11139,Customer_1139,Hyderabad,Consumer,2024-10-26
C11140,Customer_1140,Bengaluru,Small Business,2025-03-16
C11141,Customer_1141,Delhi,Small Business,2022-07-03
C11142,Customer_1142,Bengaluru,Consumer,2024-11-17
C11143,Customer_1143,Ahmedabad,Corporate,2026-04-23
C11144,Customer_1144,Kolkata,Consumer,2025-02-16
C11145,Customer_1145,Hyderabad,Consumer,2022-10-20
C11146,Customer_1146,Delhi,Small Business,2025-10-26
C11147,Customer_1147,Kolkata,Consumer,2025-06-21
C11148,Customer_1148,Mumbai,Consumer,2026-05-23
C11149,Customer_1149,Pune,Consumer,2025-05-26
C11150,Customer_1150,Bengaluru,Small Business,2022-06-26
C11151,Customer_1151,Chennai,Consumer,2025-08-15
C11152,Customer_1152,Chennai,Consumer,2022-02-27
C11153,Customer_1153,Hyderabad,Corporate,2025-07-16
C11154,Customer_1154,Mumbai,Small Business,2022-11-04
C11155,Customer_1155,Ahmedabad,Consumer,2026-05-13
C11156,Customer_1156,Bengaluru,Consumer,2025-08-04
C11157,Customer_1157,Mumbai,Consumer,2024-09-03
C11158,Customer_1158,Bengaluru,Consumer,2025-02-02
C11159,Customer_1159,Hyderabad,Consumer,2025-06-05
C11160,Customer_1160,Hyderabad,Corporate,2025-06-24
C11161,Customer_1161,Ahmedabad,Corporate,2023-12-01
C11162,Customer_1162,Chennai,Corporate,2026-02-26
C11163,Customer_1163,Mumbai,Consumer,2022-03-24
C11164,Customer_1164,Delhi,Small Business,2025-04-24
C11165,Customer_1165,Chennai,Consumer,2022-09-09
C11166,Customer_1166,Mumbai,Small Business,2025-10-10
C11167,Customer_1167,Chennai,Corporate,2024-03-06
C11168,Customer_1168,Delhi,Consumer,2024-06-15
C11169,Customer_1169,Pune,Corporate,2022-07-29
C11170,Customer_1170,Pune,Consumer,2024-03-26
C11171,Customer_1171,Ahmedabad,Corporate,2023-09-01
C11172,Customer_1172,Pune,Consumer,2023-03-23
C11173,Customer_1173,Pune,Consumer,2023-04-05
C11174,Customer_1174,Kolkata,Small Business,2024-08-25
C11175,Customer_1175,Bengaluru,Consumer,2023-04-17
C11176,Customer_1176,Kolkata,Small Business,2023-01-05
C11177,Customer_1177,Kolkata,Consumer,2024-06-18
C11178,Customer_1178,Ahmedabad,Corporate,2026-02-24
C11179,Customer_1179,Kolkata,Corporate,2024-07-11
C11180,Customer_1180,Pune,Consumer,2022-05-17
C11181,Customer_1181,Delhi,Consumer,2023-01-02
C11182,Customer_1182,Ahmedabad,Consumer,2024-06-30
C11183,Customer_1183,Ahmedabad,Consumer,2022-07-03
C11184,Customer_1184,Hyderabad,Consumer,2026-05-31
C11185,Customer_1185,Ahmedabad,Corporate,2025-08-03
C11186,Customer_1186,Hyderabad,Small Business,2023-04-17
C11187,Customer_1187,Ahmedabad,Small Business,2025-10-30
C11188,Customer_1188,Bengaluru,Corporate,2023-10-16
C11189,Customer_1189,Pune,Corporate,2024-01-19
C11190,Customer_1190,Ahmedabad,Corporate,2023-06-21
C11191,Customer_1191,Pune,Consumer,2026-03-15
C11192,Customer_1192,Pune,Small Business,2024-03-12
C11193,Customer_1193,Chennai,Corporate,2026-05-22
C11194,Customer_1194,Ahmedabad,Corporate,2025-06-27
C11195,Customer_1195,Mumbai,Consumer,2024-07-08
C11196,Customer_1196,Chennai,Consumer,2023-05-25
C11197,Customer_1197,Mumbai,Consumer,2023-09-22
C11198,Customer_1198,Pune,Small Business,2024-09-28
C11199,Customer_1199,Pune,Consumer,2025-01-01
C11200,Customer_1200,Chennai,Consumer,2025-07-29
C11201,Customer_1201,Chennai,Small Business,2024-07-04
C11202,Customer_1202,Mumbai,Consumer,2025-10-15
C11203,Customer_1203,Hyderabad,Consumer,2024-10-30
C11204,Customer_1204,Mumbai,Consumer,2025-05-19
C11205,Customer_1205,Chennai,Corporate,2022-06-01
C11206,Customer_1206,Delhi,Small Business,2024-10-25
C11207,Customer_1207,Chennai,Consumer,2025-05-03
C11208,Customer_1208,Delhi,Small Business,2025-07-30
C11209,Customer_1209,Bengaluru,Consumer,2023-04-09
C11210,Customer_1210,Chennai,Small Business,2025-02-10
C11211,Customer_1211,Bengaluru,Corporate,2022-09-28
C11212,Customer_1212,Hyderabad,Small Business,2025-04-01
C11213,Customer_1213,Mumbai,Consumer,2023-04-05
C11214,Customer_1214,Delhi,Small Business,2022-04-15
C11215,Customer_1215,Mumbai,Corporate,2026-04-29
C11216,Customer_1216,Bengaluru,Consumer,2025-07-29
C11217,Customer_1217,Delhi,Small Business,2022-06-11
C11218,Customer_1218,Mumbai,Consumer,2022-12-17
C11219,Customer_1219,Chennai,Small Business,2023-03-10
C11220,Customer_1220,Pune,Consumer,2024-05-01
C11221,Customer_1221,Bengaluru,Corporate,2022-05-20
C11222,Customer_1222,Mumbai,Consumer,2026-02-03
C11223,Customer_1223,Bengaluru,Consumer,2025-03-01
C11224,Customer_1224,Kolkata,Consumer,2022-03-28
C11225,Customer_1225,Bengaluru,Consumer,2022-07-02
C11226,Customer_1226,Delhi,Consumer,2023-01-03
C11227,Customer_1227,Kolkata,Consumer,2022-05-09
C11228,Customer_1228,Ahmedabad,Corporate,2025-06-23
C11229,Customer_1229,Delhi,Consumer,2026-06-13
C11230,Customer_1230,Pune,Consumer,2026-05-21
C11231,Customer_1231,Kolkata,Corporate,2023-11-01
C11232,Customer_1232,Ahmedabad,Consumer,2025-11-02
C11233,Customer_1233,Chennai,Small Business,2022-05-29
C11234,Customer_1234,Bengaluru,Small Business,2024-09-11
C11235,Customer_1235,Mumbai,Corporate,2024-05-01
C11236,Customer_1236,Hyderabad,Corporate,2025-12-27
C11237,Customer_1237,Bengaluru,Small Business,2023-09-20
C11238,Customer_1238,Ahmedabad,Consumer,2026-02-01
C11239,Customer_1239,Bengaluru,Consumer,2023-03-22
C11240,Customer_1240,Pune,Consumer,2026-02-13
C11241,Customer_1241,Chennai,Corporate,2024-06-02
C11242,Customer_1242,Hyderabad,Consumer,2022-10-21
C11243,Customer_1243,Kolkata,Corporate,2025-03-12
C11244,Customer_1244,Kolkata,Small Business,2022-09-07
C11245,Customer_1245,Kolkata,Small Business,2024-05-27
C11246,Customer_1246,Ahmedabad,Consumer,2024-08-05
C11247,Customer_1247,Delhi,Consumer,2024-09-01
C11248,Customer_1248,Delhi,Small Business,2025-08-18
C11249,Customer_1249,Mumbai,Corporate,2024-11-14
C11250,Customer_1250,Hyderabad,Consumer,2024-02-28
C11251,Customer_1251,Kolkata,Consumer,2024-09-10
C11252,Customer_1252,Delhi,Small Business,2024-06-07
C11253,Customer_1253,Ahmedabad,Corporate,2024-06-08
C11254,Customer_1254,Mumbai,Small Business,2022-03-11
C11255,Customer_1255,Chennai,Small Business,2023-09-17
C11256,Customer_1256,Mumbai,Corporate,2024-05-24
C11257,Customer_1257,Delhi,Consumer,2025-02-09
C11258,Customer_1258,Pune,Consumer,2025-10-19
C11259,Customer_1259,Ahmedabad,Consumer,2025-08-19
C11260,Customer_1260,Pune,Consumer,2023-04-16
C11261,Customer_1261,Kolkata,Corporate,2022-04-01
C11262,Customer_1262,Pune,Corporate,2023-06-14
C11263,Customer_1263,Kolkata,Small Business,2023-10-23
C11264,Customer_1264,Kolkata,Consumer,2024-01-09
C11265,Customer_1265,Delhi,Corporate,2023-12-27
C11266,Customer_1266,Pune,Corporate,2024-05-21
C11267,Customer_1267,Kolkata,Corporate,2022-07-11
C11268,Customer_1268,Hyderabad,Corporate,2026-04-25
C11269,Customer_1269,Chennai,Consumer,2025-06-19
C11270,Customer_1270,Mumbai,Consumer,2022-05-18
C11271,Customer_1271,Mumbai,Consumer,2022-12-11
C11272,Customer_1272,Delhi,Consumer,2025-04-18
C11273,Customer_1273,Pune,Consumer,2024-10-05
C11274,Customer_1274,Pune,Corporate,2023-05-18
C11275,Customer_1275,Kolkata,Small Business,2022-07-22
C11276,Customer_1276,Ahmedabad,Corporate,2023-07-27
C11277,Customer_1277,Bengaluru,Corporate,2022-07-11
C11278,Customer_1278,Kolkata,Consumer,2022-01-05
C11279,Customer_1279,Chennai,Corporate,2025-06-14
C11280,Customer_1280,Hyderabad,Consumer,2022-11-07
C11281,Customer_1281,Mumbai,Consumer,2023-07-03
C11282,Customer_1282,Kolkata,Consumer,2022-02-25
C11283,Customer_1283,Bengaluru,Consumer,2023-03-19
C11284,Customer_1284,Bengaluru,Consumer,2025-06-14
C11285,Customer_1285,Kolkata,Consumer,2024-05-19
C11286,Customer_1286,Delhi,Consumer,2025-05-05
C11287,Customer_1287,Mumbai,Small Business,2023-08-08
C11288,Customer_1288,Delhi,Consumer,2026-05-14
C11289,Customer_1289,Hyderabad,Consumer,2024-01-22
C11290,Customer_1290,Bengaluru,Consumer,2026-03-18
C11291,Customer_1291,Bengaluru,Corporate,2026-01-12
C11292,Customer_1292,Chennai,Consumer,2022-12-26
C11293,Customer_1293,Hyderabad,Consumer,2024-03-29
C11294,Customer_1294,Bengaluru,Consumer,2022-01-30
C11295,Customer_1295,Hyderabad,Consumer,2022-04-18
C11296,Customer_1296,Mumbai,Consumer,2024-04-23
C11297,Customer_1297,Pune,Consumer,2026-06-14
C11298,Customer_1298,Bengaluru,Consumer,2023-12-18
C11299,Customer_1299,Chennai,Consumer,2024-06-09
C11300,Customer_1300,Mumbai,Consumer,2024-08-17
C11301,Customer_1301,Kolkata,Small Business,2026-01-08
C11302,Customer_1302,Hyderabad,Corporate,2024-06-11
C11303,Customer_1303,Kolkata,Consumer,2026-01-01
C11304,Customer_1304,Delhi,Consumer,2024-01-02
C11305,Customer_1305,Mumbai,Small Business,2023-08-29
C11306,Customer_1306,Kolkata,Consumer,2023-04-02
C11307,Customer_1307,Ahmedabad,Consumer,2023-09-07
C11308,Customer_1308,Ahmedabad,Corporate,2023-11-29
C11309,Customer_1309,Bengaluru,Consumer,2026-02-27
C11310,Customer_1310,Hyderabad,Consumer,2023-11-05
C11311,Customer_1311,Pune,Consumer,2025-06-24
C11312,Customer_1312,Mumbai,Small Business,2023-06-27
C11313,Customer_1313,Bengaluru,Consumer,2026-05-07
C11314,Customer_1314,Chennai,Corporate,2024-05-06
C11315,Customer_1315,Delhi,Small Business,2026-05-31
C11316,Customer_1316,Hyderabad,Consumer,2024-06-15
C11317,Customer_1317,Mumbai,Consumer,2026-01-02
C11318,Customer_1318,Ahmedabad,Consumer,2022-10-05
C11319,Customer_1319,Mumbai,Consumer,2023-07-06
C11320,Customer_1320,Pune,Consumer,2026-06-25
C11321,Customer_1321,Ahmedabad,Small Business,2022-04-21
C11322,Customer_1322,Pune,Corporate,2023-01-20
C11323,Customer_1323,Chennai,Corporate,2024-01-31
C11324,Customer_1324,Delhi,Consumer,2025-04-29
C11325,Customer_1325,Chennai,Small Business,2026-02-22
C11326,Customer_1326,Bengaluru,Small Business,2023-11-25
C11327,Customer_1327,Bengaluru,Small Business,2025-12-20
C11328,Customer_1328,Chennai,Consumer,2023-02-09
C11329,Customer_1329,Delhi,Corporate,2025-09-20
C11330,Customer_1330,Chennai,Consumer,2025-05-17
C11331,Customer_1331,Delhi,Consumer,2022-01-22
C11332,Customer_1332,Delhi,Consumer,2023-11-09
C11333,Customer_1333,Kolkata,Corporate,2023-09-03
C11334,Customer_1334,Ahmedabad,Corporate,2025-05-16
C11335,Customer_1335,Hyderabad,Consumer,2022-01-08
C11336,Customer_1336,Delhi,Consumer,2023-12-03
C11337,Customer_1337,Pune,Consumer,2023-06-13
C11338,Customer_1338,Delhi,Consumer,2023-08-25
C11339,Customer_1339,Delhi,Consumer,2023-10-19
C11340,Customer_1340,Delhi,Consumer,2022-06-15
C11341,Customer_1341,Kolkata,Corporate,2024-04-28
C11342,Customer_1342,Ahmedabad,Consumer,2023-05-11
C11343,Customer_1343,Kolkata,Consumer,2023-08-13
C11344,Customer_1344,Bengaluru,Consumer,2023-03-05
C11345,Customer_1345,Kolkata,Small Business,2024-02-13
C11346,Customer_1346,Pune,Corporate,2022-06-12
C11347,Customer_1347,Pune,Corporate,2023-01-01
C11348,Customer_1348,Kolkata,Consumer,2026-03-30
C11349,Customer_1349,Ahmedabad,Corporate,2025-06-16
C11350,Customer_1350,Chennai,Consumer,2022-03-13
C11351,Customer_1351,Hyderabad,Corporate,2026-01-08
C11352,Customer_1352,Ahmedabad,Small Business,2023-10-17
C11353,Customer_1353,Kolkata,Corporate,2026-03-13
C11354,Customer_1354,Delhi,Small Business,2022-09-26
C11355,Customer_1355,Mumbai,Corporate,2023-02-19
C11356,Customer_1356,Hyderabad,Consumer,2025-06-22
C11357,Customer_1357,Hyderabad,Small Business,2024-10-12
C11358,Customer_1358,Pune,Consumer,2023-11-06
C11359,Customer_1359,Hyderabad,Consumer,2024-12-19
C11360,Customer_1360,Kolkata,Consumer,2022-01-06
C11361,Customer_1361,Delhi,Consumer,2024-09-08
C11362,Customer_1362,Delhi,Consumer,2023-07-24
C11363,Customer_1363,Bengaluru,Consumer,2023-02-11
C11364,Customer_1364,Delhi,Consumer,2025-05-25
C11365,Customer_1365,Ahmedabad,Corporate,2022-01-26
C11366,Customer_1366,Delhi,Consumer,2024-10-25
C11367,Customer_1367,Pune,Consumer,2024-09-12
C11368,Customer_1368,Delhi,Corporate,2026-04-05
C11369,Customer_1369,Bengaluru,Consumer,2023-01-25
C11370,Customer_1370,Mumbai,Corporate,2023-12-11
C11371,Customer_1371,Kolkata,Corporate,2023-07-25
C11372,Customer_1372,Pune,Small Business,2026-01-11
C11373,Customer_1373,Ahmedabad,Corporate,2024-01-24
C11374,Customer_1374,Mumbai,Consumer,2022-05-26
C11375,Customer_1375,Pune,Corporate,2025-11-12
C11376,Customer_1376,Chennai,Consumer,2024-02-24
C11377,Customer_1377,Hyderabad,Consumer,2025-06-26
C11378,Customer_1378,Chennai,Corporate,2023-06-10
C11379,Customer_1379,Delhi,Consumer,2026-01-25
C11380,Customer_1380,Mumbai,Corporate,2022-01-13
C11381,Customer_1381,Delhi,Small Business,2024-06-21
C11382,Customer_1382,Hyderabad,Small Business,2023-01-19
C11383,Customer_1383,Pune,Small Business,2023-07-10
C11384,Customer_1384,Hyderabad,Consumer,2024-06-05
C11385,Customer_1385,Bengaluru,Consumer,2025-11-23
C11386,Customer_1386,Hyderabad,Corporate,2022-01-19
C11387,Customer_1387,Bengaluru,Consumer,2023-07-29
C11388,Customer_1388,Hyderabad,Corporate,2026-02-23
C11389,Customer_1389,Kolkata,Corporate,2024-01-21
C11390,Customer_1390,Bengaluru,Corporate,2024-09-30
C11391,Customer_1391,Mumbai,Consumer,2023-02-23
C11392,Customer_1392,Delhi,Consumer,2025-09-22
C11393,Customer_1393,Ahmedabad,Consumer,2023-02-23
C11394,Customer_1394,Delhi,Consumer,2026-06-24
C11395,Customer_1395,Chennai,Small Business,2022-05-02
C11396,Customer_1396,Delhi,Consumer,2023-03-08
C11397,Customer_1397,Pune,Consumer,2022-02-13
C11398,Customer_1398,Kolkata,Consumer,2025-09-02
C11399,Customer_1399,Hyderabad,Corporate,2023-01-16
C11400,Customer_1400,Chennai,Corporate,2022-05-25
C11401,Customer_1401,Pune,Consumer,2025-09-12
C11402,Customer_1402,Pune,Consumer,2022-12-29
C11403,Customer_1403,Bengaluru,Consumer,2024-12-09
C11404,Customer_1404,Delhi,Consumer,2024-12-24
C11405,Customer_1405,Mumbai,Corporate,2022-12-21
C11406,Customer_1406,Ahmedabad,Corporate,2024-03-10
C11407,Customer_1407,Mumbai,Consumer,2025-04-02
C11408,Customer_1408,Chennai,Consumer,2025-03-10
C11409,Customer_1409,Kolkata,Small Business,2024-04-05
C11410,Customer_1410,Mumbai,Consumer,2025-02-25
C11411,Customer_1411,Hyderabad,Corporate,2023-02-02
C11412,Customer_1412,Mumbai,Consumer,2024-05-29
C11413,Customer_1413,Chennai,Consumer,2023-04-08
C11414,Customer_1414,Ahmedabad,Consumer,2024-03-18
C11415,Customer_1415,Mumbai,Consumer,2022-07-06
C11416,Customer_1416,Hyderabad,Small Business,2024-01-02
C11417,Customer_1417,Bengaluru,Consumer,2025-04-28
C11418,Customer_1418,Kolkata,Consumer,2025-11-12
C11419,Customer_1419,Chennai,Consumer,2023-03-05
C11420,Customer_1420,Bengaluru,Consumer,2024-05-07
C11421,Customer_1421,Bengaluru,Consumer,2025-07-31
C11422,Customer_1422,Bengaluru,Consumer,2022-08-25
C11423,Customer_1423,Pune,Corporate,2025-05-02
C11424,Customer_1424,Kolkata,Consumer,2025-08-03
C11425,Customer_1425,Ahmedabad,Consumer,2024-02-10
C11426,Customer_1426,Delhi,Small Business,2024-01-28
C11427,Customer_1427,Kolkata,Consumer,2022-05-16
C11428,Customer_1428,Pune,Small Business,2024-03-02
C11429,Customer_1429,Delhi,Consumer,2022-06-20
C11430,Customer_1430,Kolkata,Small Business,2022-06-08
C11431,Customer_1431,Bengaluru,Corporate,2022-07-20
C11432,Customer_1432,Chennai,Small Business,2026-02-19
C11433,Customer_1433,Delhi,Small Business,2026-04-30
C11434,Customer_1434,Hyderabad,Consumer,2024-08-19
C11435,Customer_1435,Hyderabad,Small Business,2023-08-06
C11436,Customer_1436,Mumbai,Consumer,2026-03-08
C11437,Customer_1437,Delhi,Consumer,2024-05-25
C11438,Customer_1438,Chennai,Consumer,2023-01-06
C11439,Customer_1439,Ahmedabad,Consumer,2022-04-13
C11440,Customer_1440,Pune,Consumer,2024-09-28
C11441,Customer_1441,Bengaluru,Corporate,2025-02-22
C11442,Customer_1442,Mumbai,Consumer,2025-08-29
C11443,Customer_1443,Hyderabad,Corporate,2024-09-02
C11444,Customer_1444,Pune,Small Business,2024-03-08
C11445,Customer_1445,Pune,Consumer,2026-01-21
C11446,Customer_1446,Bengaluru,Consumer,2025-06-07
C11447,Customer_1447,Ahmedabad,Consumer,2023-10-20
C11448,Customer_1448,Ahmedabad,Consumer,2024-05-31
C11449,Customer_1449,Delhi,Consumer,2025-05-05
C11450,Customer_1450,Hyderabad,Consumer,2024-01-03
C11451,Customer_1451,Ahmedabad,Consumer,2023-02-27
C11452,Customer_1452,Chennai,Small Business,2023-07-26
C11453,Customer_1453,Ahmedabad,Corporate,2026-06-22
C11454,Customer_1454,Pune,Consumer,2022-06-20
C11455,Customer_1455,Bengaluru,Corporate,2025-11-06
C11456,Customer_1456,Chennai,Consumer,2022-06-22
C11457,Customer_1457,Delhi,Consumer,2023-10-25
C11458,Customer_1458,Hyderabad,Corporate,2023-03-29
C11459,Customer_1459,Delhi,Consumer,2022-12-16
C11460,Customer_1460,Pune,Consumer,2023-05-09
C11461,Customer_1461,Chennai,Small Business,2023-09-12
C11462,Customer_1462,Chennai,Small Business,2024-10-24
C11463,Customer_1463,Chennai,Corporate,2025-01-21
C11464,Customer_1464,Pune,Corporate,2024-07-07
C11465,Customer_1465,Pune,Corporate,2022-01-06
C11466,Customer_1466,Delhi,Consumer,2022-10-15
C11467,Customer_1467,Mumbai,Consumer,2026-06-30
C11468,Customer_1468,Delhi,Consumer,2025-03-15
C11469,Customer_1469,Hyderabad,Consumer,2025-12-18
C11470,Customer_1470,Bengaluru,Consumer,2023-08-31
C11471,Customer_1471,Chennai,Consumer,2023-04-02
C11472,Customer_1472,Mumbai,Small Business,2025-05-10
C11473,Customer_1473,Bengaluru,Small Business,2025-05-20
C11474,Customer_1474,Mumbai,Corporate,2024-10-26
C11475,Customer_1475,Ahmedabad,Consumer,2023-09-16
C11476,Customer_1476,Ahmedabad,Small Business,2023-01-11
C11477,Customer_1477,Kolkata,Consumer,2023-03-23
C11478,Customer_1478,Ahmedabad,Corporate,2024-04-14
C11479,Customer_1479,Delhi,Consumer,2025-02-03
C11480,Customer_1480,Ahmedabad,Corporate,2024-03-21
C11481,Customer_1481,Pune,Consumer,2025-11-25
C11482,Customer_1482,Chennai,Small Business,2025-01-24
C11483,Customer_1483,Delhi,Small Business,2025-11-12
C11484,Customer_1484,Bengaluru,Consumer,2024-08-16
C11485,Customer_1485,Kolkata,Consumer,2026-01-15
C11486,Customer_1486,Kolkata,Small Business,2024-04-28
C11487,Customer_1487,Kolkata,Consumer,2024-03-19
C11488,Customer_1488,Bengaluru,Small Business,2024-09-05
C11489,Customer_1489,Bengaluru,Corporate,2023-02-20
C11490,Customer_1490,Bengaluru,Consumer,2023-12-27
C11491,Customer_1491,Bengaluru,Consumer,2026-03-08
C11492,Customer_1492,Kolkata,Consumer,2023-03-30
C11493,Customer_1493,Kolkata,Corporate,2025-08-07
C11494,Customer_1494,Mumbai,Consumer,2026-04-07
C11495,Customer_1495,Delhi,Consumer,2025-05-01
C11496,Customer_1496,Chennai,Consumer,2022-05-30
C11497,Customer_1497,Ahmedabad,Corporate,2024-01-29
C11498,Customer_1498,Ahmedabad,Small Business,2024-02-18
C11499,Customer_1499,Pune,Small Business,2024-08-30
C11500,Customer_1500,Kolkata,Consumer,2024-02-02
C11501,Customer_1501,Pune,Small Business,2024-09-28
C11502,Customer_1502,Delhi,Corporate,2026-03-19
C11503,Customer_1503,Delhi,Corporate,2025-11-17
C11504,Customer_1504,Pune,Small Business,2025-09-01
C11505,Customer_1505,Kolkata,Consumer,2022-03-17
C11506,Customer_1506,Pune,Consumer,2023-08-22
C11507,Customer_1507,Ahmedabad,Small Business,2025-07-17
C11508,Customer_1508,Mumbai,Consumer,2022-08-13
C11509,Customer_1509,Ahmedabad,Small Business,2026-04-03
C11510,Customer_1510,Hyderabad,Small Business,2022-04-23
C11511,Customer_1511,Kolkata,Consumer,2022-09-08
C11512,Customer_1512,Kolkata,Small Business,2025-06-10
C11513,Customer_1513,Chennai,Consumer,2024-04-20
C11514,Customer_1514,Bengaluru,Consumer,2023-12-15
C11515,Customer_1515,Hyderabad,Corporate,2025-01-11
C11516,Customer_1516,Delhi,Small Business,2022-05-05
C11517,Customer_1517,Kolkata,Consumer,2025-04-13
C11518,Customer_1518,Pune,Consumer,2024-12-28
C11519,Customer_1519,Hyderabad,Corporate,2024-12-06
C11520,Customer_1520,Chennai,Corporate,2024-06-02
C11521,Customer_1521,Delhi,Corporate,2025-07-03
C11522,Customer_1522,Bengaluru,Consumer,2022-01-30
C11523,Customer_1523,Bengaluru,Consumer,2022-10-08
C11524,Customer_1524,Chennai,Consumer,2024-07-12
C11525,Customer_1525,Chennai,Small Business,2025-06-14
C11526,Customer_1526,Pune,Consumer,2025-06-25
C11527,Customer_1527,Kolkata,Consumer,2023-01-03
C11528,Customer_1528,Bengaluru,Small Business,2023-05-10
C11529,Customer_1529,Delhi,Consumer,2024-11-14
C11530,Customer_1530,Hyderabad,Small Business,2026-05-29
C11531,Customer_1531,Delhi,Corporate,2023-12-19
C11532,Customer_1532,Mumbai,Small Business,2026-02-22
C11533,Customer_1533,Mumbai,Consumer,2024-10-13
C11534,Customer_1534,Chennai,Consumer,2026-02-26
C11535,Customer_1535,Pune,Corporate,2025-08-30
C11536,Customer_1536,Mumbai,Small Business,2023-08-29
C11537,Customer_1537,Bengaluru,Corporate,2023-01-10
C11538,Customer_1538,Delhi,Consumer,2023-10-01
C11539,Customer_1539,Delhi,Corporate,2024-11-14
C11540,Customer_1540,Chennai,Corporate,2025-09-19
C11541,Customer_1541,Kolkata,Corporate,2025-10-10
C11542,Customer_1542,Kolkata,Corporate,2022-04-26
C11543,Customer_1543,Hyderabad,Small Business,2022-02-17
C11544,Customer_1544,Chennai,Corporate,2022-04-09
C11545,Customer_1545,Ahmedabad,Consumer,2026-01-22
C11546,Customer_1546,Hyderabad,Consumer,2026-03-27
C11547,Customer_1547,Ahmedabad,Consumer,2026-06-09
C11548,Customer_1548,Kolkata,Consumer,2023-02-09
C11549,Customer_1549,Chennai,Consumer,2025-05-22
C11550,Customer_1550,Ahmedabad,Consumer,2023-11-16
C11551,Customer_1551,Chennai,Consumer,2024-06-21
C11552,Customer_1552,Chennai,Consumer,2023-05-18
C11553,Customer_1553,Kolkata,Small Business,2026-01-11
C11554,Customer_1554,Hyderabad,Small Business,2024-06-12
C11555,Customer_1555,Hyderabad,Consumer,2026-05-19
C11556,Customer_1556,Chennai,Small Business,2022-09-15
C11557,Customer_1557,Mumbai,Consumer,2024-04-23
C11558,Customer_1558,Pune,Consumer,2022-05-01
C11559,Customer_1559,Kolkata,Consumer,2024-03-20
C11560,Customer_1560,Pune,Consumer,2024-09-04
C11561,Customer_1561,Pune,Corporate,2022-02-23
C11562,Customer_1562,Hyderabad,Corporate,2024-10-15
C11563,Customer_1563,Hyderabad,Consumer,2025-09-16
C11564,Customer_1564,Mumbai,Consumer,2024-02-23
C11565,Customer_1565,Pune,Consumer,2022-08-29
C11566,Customer_1566,Pune,Consumer,2026-04-03
C11567,Customer_1567,Chennai,Consumer,2023-04-28
C11568,Customer_1568,Hyderabad,Consumer,2024-10-09
C11569,Customer_1569,Pune,Small Business,2022-07-06
C11570,Customer_1570,Delhi,Small Business,2023-10-18
C11571,Customer_1571,Mumbai,Consumer,2022-09-19
C11572,Customer_1572,Ahmedabad,Small Business,2024-08-10
C11573,Customer_1573,Delhi,Consumer,2025-10-19
C11574,Customer_1574,Delhi,Consumer,2023-05-06
C11575,Customer_1575,Ahmedabad,Consumer,2023-03-07
C11576,Customer_1576,Kolkata,Corporate,2022-08-27
C11577,Customer_1577,Kolkata,Small Business,2022-10-31
C11578,Customer_1578,Mumbai,Corporate,2022-10-25
C11579,Customer_1579,Delhi,Consumer,2022-03-17
C11580,Customer_1580,Pune,Corporate,2025-09-18
C11581,Customer_1581,Hyderabad,Consumer,2024-09-25
C11582,Customer_1582,Mumbai,Small Business,2023-10-04
C11583,Customer_1583,Chennai,Consumer,2026-02-06
C11584,Customer_1584,Ahmedabad,Consumer,2024-04-06
C11585,Customer_1585,Delhi,Corporate,2022-10-10
C11586,Customer_1586,Mumbai,Corporate,2023-08-14
C11587,Customer_1587,Bengaluru,Consumer,2022-03-13
C11588,Customer_1588,Bengaluru,Corporate,2025-07-10
C11589,Customer_1589,Kolkata,Consumer,2023-12-04
C11590,Customer_1590,Ahmedabad,Corporate,2023-07-29
C11591,Customer_1591,Hyderabad,Small Business,2024-09-26
C11592,Customer_1592,Pune,Small Business,2024-06-10
C11593,Customer_1593,Hyderabad,Corporate,2022-01-12
C11594,Customer_1594,Hyderabad,Consumer,2022-05-21
C11595,Customer_1595,Hyderabad,Consumer,2026-04-28
C11596,Customer_1596,Ahmedabad,Corporate,2022-01-17
C11597,Customer_1597,Hyderabad,Consumer,2024-12-22
C11598,Customer_1598,Chennai,Consumer,2022-09-10
C11599,Customer_1599,Ahmedabad,Consumer,2023-04-10
C11600,Customer_1600,Chennai,Consumer,2023-01-11
C11601,Customer_1601,Ahmedabad,Corporate,2024-09-07
C11602,Customer_1602,Kolkata,Consumer,2023-06-04
C11603,Customer_1603,Mumbai,Corporate,2022-03-31
C11604,Customer_1604,Bengaluru,Consumer,2023-12-21
C11605,Customer_1605,Hyderabad,Consumer,2024-03-14
C11606,Customer_1606,Kolkata,Consumer,2024-03-06
C11607,Customer_1607,Mumbai,Consumer,2023-09-22
C11608,Customer_1608,Bengaluru,Consumer,2025-04-13
C11609,Customer_1609,Delhi,Corporate,2022-03-17
C11610,Customer_1610,Pune,Consumer,2026-06-25
C11611,Customer_1611,Chennai,Small Business,2024-07-14
C11612,Customer_1612,Delhi,Consumer,2023-02-04
C11613,Customer_1613,Ahmedabad,Consumer,2024-08-27
C11614,Customer_1614,Bengaluru,Corporate,2024-12-30
C11615,Customer_1615,Delhi,Consumer,2025-04-18
C11616,Customer_1616,Pune,Consumer,2025-02-21
C11617,Customer_1617,Kolkata,Consumer,2025-11-05
C11618,Customer_1618,Bengaluru,Consumer,2025-08-09
C11619,Customer_1619,Delhi,Small Business,2024-03-07
C11620,Customer_1620,Chennai,Consumer,2022-07-14
C11621,Customer_1621,Chennai,Corporate,2022-08-16
C11622,Customer_1622,Mumbai,Small Business,2025-12-25
C11623,Customer_1623,Delhi,Consumer,2025-12-30
C11624,Customer_1624,Hyderabad,Small Business,2023-04-06
C11625,Customer_1625,Delhi,Consumer,2023-09-10
C11626,Customer_1626,Kolkata,Small Business,2024-11-10
C11627,Customer_1627,Bengaluru,Consumer,2022-03-05
C11628,Customer_1628,Bengaluru,Corporate,2022-06-14
C11629,Customer_1629,Kolkata,Consumer,2022-01-27
C11630,Customer_1630,Delhi,Consumer,2025-08-27
C11631,Customer_1631,Kolkata,Corporate,2024-10-08
C11632,Customer_1632,Pune,Corporate,2022-10-12
C11633,Customer_1633,Ahmedabad,Consumer,2022-10-08
C11634,Customer_1634,Kolkata,Consumer,2024-04-17
C11635,Customer_1635,Chennai,Corporate,2024-04-10
C11636,Customer_1636,Kolkata,Corporate,2025-04-02
C11637,Customer_1637,Bengaluru,Small Business,2024-07-06
C11638,Customer_1638,Chennai,Corporate,2022-08-12
C11639,Customer_1639,Bengaluru,Small Business,2024-02-23
C11640,Customer_1640,Mumbai,Corporate,2025-03-15
C11641,Customer_1641,Hyderabad,Consumer,2024-08-22
C11642,Customer_1642,Bengaluru,Consumer,2024-08-07
C11643,Customer_1643,Chennai,Corporate,2024-11-19
C11644,Customer_1644,Mumbai,Corporate,2022-02-14
C11645,Customer_1645,Bengaluru,Consumer,2023-04-16
C11646,Customer_1646,Pune,Consumer,2022-02-03
C11647,Customer_1647,Kolkata,Small Business,2023-10-15
C11648,Customer_1648,Hyderabad,Consumer,2025-12-21
C11649,Customer_1649,Bengaluru,Consumer,2024-04-09
C11650,Customer_1650,Mumbai,Consumer,2022-08-09
C11651,Customer_1651,Pune,Consumer,2023-06-18
C11652,Customer_1652,Delhi,Consumer,2023-11-23
C11653,Customer_1653,Mumbai,Consumer,2025-10-22
C11654,Customer_1654,Kolkata,Consumer,2024-07-20
C11655,Customer_1655,Mumbai,Corporate,2024-04-20
C11656,Customer_1656,Pune,Consumer,2024-10-07
C11657,Customer_1657,Mumbai,Small Business,2026-04-23
C11658,Customer_1658,Pune,Small Business,2023-08-05
C11659,Customer_1659,Bengaluru,Consumer,2025-02-13
C11660,Customer_1660,Ahmedabad,Corporate,2022-08-27
C11661,Customer_1661,Pune,Consumer,2025-09-20
C11662,Customer_1662,Pune,Small Business,2023-03-17
C11663,Customer_1663,Hyderabad,Consumer,2022-05-28
C11664,Customer_1664,Pune,Corporate,2024-10-29
C11665,Customer_1665,Pune,Corporate,2025-08-04
C11666,Customer_1666,Delhi,Consumer,2023-01-23
C11667,Customer_1667,Ahmedabad,Consumer,2024-12-09
C11668,Customer_1668,Bengaluru,Corporate,2026-03-21
C11669,Customer_1669,Kolkata,Corporate,2024-07-04
C11670,Customer_1670,Hyderabad,Consumer,2023-09-30
C11671,Customer_1671,Delhi,Corporate,2026-05-30
C11672,Customer_1672,Chennai,Consumer,2022-10-05
C11673,Customer_1673,Ahmedabad,Corporate,2024-09-15
C11674,Customer_1674,Bengaluru,Consumer,2025-08-16
C11675,Customer_1675,Bengaluru,Small Business,2023-08-12
C11676,Customer_1676,Chennai,Consumer,2023-10-11
C11677,Customer_1677,Kolkata,Consumer,2023-09-10
C11678,Customer_1678,Pune,Consumer,2026-06-19
C11679,Customer_1679,Delhi,Consumer,2022-05-15
C11680,Customer_1680,Mumbai,Consumer,2023-08-03
C11681,Customer_1681,Hyderabad,Consumer,2025-03-16
C11682,Customer_1682,Mumbai,Small Business,2023-05-05
C11683,Customer_1683,Chennai,Consumer,2023-04-23
C11684,Customer_1684,Bengaluru,Consumer,2025-03-28
C11685,Customer_1685,Kolkata,Consumer,2023-01-19
C11686,Customer_1686,Bengaluru,Consumer,2022-06-12
C11687,Customer_1687,Hyderabad,Consumer,2023-03-17
C11688,Customer_1688,Bengaluru,Consumer,2025-04-27
C11689,Customer_1689,Bengaluru,Consumer,2023-02-19
C11690,Customer_1690,Hyderabad,Consumer,2025-09-24
C11691,Customer_1691,Delhi,Consumer,2026-06-19
C11692,Customer_1692,Delhi,Corporate,2025-04-19
C11693,Customer_1693,Hyderabad,Consumer,2022-10-15
C11694,Customer_1694,Kolkata,Consumer,2022-07-06
C11695,Customer_1695,Chennai,Small Business,2025-03-07
C11696,Customer_1696,Ahmedabad,Consumer,2022-05-10
C11697,Customer_1697,Bengaluru,Corporate,2022-07-13
C11698,Customer_1698,Kolkata,Consumer,2022-11-12
C11699,Customer_1699,Bengaluru,Corporate,2022-05-24
C11700,Customer_1700,Ahmedabad,Corporate,2022-01-16
C11701,Customer_1701,Chennai,Consumer,2025-08-18
C11702,Customer_1702,Delhi,Small Business,2023-02-27
C11703,Customer_1703,Kolkata,Consumer,2022-09-02
C11704,Customer_1704,Pune,Consumer,2024-07-15
C11705,Customer_1705,Pune,Corporate,2025-02-04
C11706,Customer_1706,Ahmedabad,Small Business,2025-01-16
C11707,Customer_1707,Pune,Consumer,2022-05-09
C11708,Customer_1708,Delhi,Consumer,2024-06-25
C11709,Customer_1709,Ahmedabad,Consumer,2024-06-05
C11710,Customer_1710,Delhi,Consumer,2022-12-07
C11711,Customer_1711,Chennai,Corporate,2022-01-04
C11712,Customer_1712,Bengaluru,Consumer,2025-09-12
C11713,Customer_1713,Chennai,Consumer,2025-12-04
C11714,Customer_1714,Chennai,Consumer,2022-11-02
C11715,Customer_1715,Delhi,Consumer,2024-06-26
C11716,Customer_1716,Ahmedabad,Consumer,2023-08-30
C11717,Customer_1717,Ahmedabad,Corporate,2025-06-02
C11718,Customer_1718,Pune,Small Business,2025-10-03
C11719,Customer_1719,Mumbai,Small Business,2024-09-18
C11720,Customer_1720,Bengaluru,Consumer,2022-11-17
C11721,Customer_1721,Delhi,Small Business,2023-07-13
C11722,Customer_1722,Pune,Corporate,2025-04-19
C11723,Customer_1723,Kolkata,Corporate,2023-09-10
C11724,Customer_1724,Mumbai,Consumer,2023-12-12
C11725,Customer_1725,Mumbai,Consumer,2025-11-10
C11726,Customer_1726,Delhi,Consumer,2026-06-30
C11727,Customer_1727,Hyderabad,Consumer,2025-02-05
C11728,Customer_1728,Bengaluru,Consumer,2023-06-15
C11729,Customer_1729,Mumbai,Consumer,2023-02-14
C11730,Customer_1730,Delhi,Consumer,2025-08-12
C11731,Customer_1731,Delhi,Corporate,2024-03-28
C11732,Customer_1732,Pune,Consumer,2025-04-09
C11733,Customer_1733,Kolkata,Consumer,2025-09-16
C11734,Customer_1734,Hyderabad,Small Business,2023-05-08
C11735,Customer_1735,Bengaluru,Small Business,2025-05-03
C11736,Customer_1736,Ahmedabad,Corporate,2022-01-12
C11737,Customer_1737,Chennai,Small Business,2022-07-14
C11738,Customer_1738,Kolkata,Consumer,2023-05-05
C11739,Customer_1739,Kolkata,Small Business,2024-03-05
C11740,Customer_1740,Pune,Consumer,2024-05-30
C11741,Customer_1741,Ahmedabad,Consumer,2022-07-01
C11742,Customer_1742,Mumbai,Consumer,2024-08-19
C11743,Customer_1743,Mumbai,Consumer,2023-10-18
C11744,Customer_1744,Pune,Consumer,2025-09-01
C11745,Customer_1745,Delhi,Corporate,2023-11-25
C11746,Customer_1746,Mumbai,Corporate,2022-01-30
C11747,Customer_1747,Hyderabad,Corporate,2026-06-08
C11748,Customer_1748,Bengaluru,Consumer,2025-01-24
C11749,Customer_1749,Kolkata,Small Business,2025-11-05
C11750,Customer_1750,Kolkata,Corporate,2024-02-17
C11751,Customer_1751,Hyderabad,Consumer,2023-03-20
C11752,Customer_1752,Ahmedabad,Corporate,2022-10-25
C11753,Customer_1753,Mumbai,Consumer,2024-03-18
C11754,Customer_1754,Kolkata,Consumer,2024-04-24
C11755,Customer_1755,Chennai,Small Business,2024-10-12
C11756,Customer_1756,Ahmedabad,Consumer,2025-10-16
C11757,Customer_1757,Bengaluru,Consumer,2025-10-29
C11758,Customer_1758,Bengaluru,Small Business,2023-07-08
C11759,Customer_1759,Kolkata,Corporate,2022-10-30
C11760,Customer_1760,Pune,Consumer,2023-02-25
C11761,Customer_1761,Ahmedabad,Consumer,2025-06-23
C11762,Customer_1762,Kolkata,Consumer,2025-06-14
C11763,Customer_1763,Pune,Corporate,2026-04-07
C11764,Customer_1764,Kolkata,Consumer,2022-07-04
C11765,Customer_1765,Chennai,Consumer,2023-04-13
C11766,Customer_1766,Ahmedabad,Small Business,2024-01-24
C11767,Customer_1767,Delhi,Consumer,2022-12-29
C11768,Customer_1768,Bengaluru,Consumer,2025-07-30
C11769,Customer_1769,Kolkata,Consumer,2026-04-26
C11770,Customer_1770,Chennai,Corporate,2022-12-02
C11771,Customer_1771,Pune,Consumer,2022-06-11
C11772,Customer_1772,Pune,Consumer,2025-03-29
C11773,Customer_1773,Bengaluru,Small Business,2026-02-06
C11774,Customer_1774,Hyderabad,Consumer,2026-06-13
C11775,Customer_1775,Kolkata,Consumer,2025-09-07
C11776,Customer_1776,Ahmedabad,Consumer,2022-01-12
C11777,Customer_1777,Mumbai,Consumer,2025-12-18
C11778,Customer_1778,Pune,Consumer,2025-01-01
C11779,Customer_1779,Ahmedabad,Consumer,2023-08-11
C11780,Customer_1780,Ahmedabad,Consumer,2022-07-20
C11781,Customer_1781,Delhi,Consumer,2023-06-06
C11782,Customer_1782,Ahmedabad,Small Business,2023-05-20
C11783,Customer_1783,Ahmedabad,Small Business,2024-02-27
C11784,Customer_1784,Delhi,Corporate,2024-11-28
C11785,Customer_1785,Pune,Small Business,2022-03-01
C11786,Customer_1786,Ahmedabad,Consumer,2023-08-01
C11787,Customer_1787,Hyderabad,Small Business,2022-11-17
C11788,Customer_1788,Hyderabad,Consumer,2025-12-29
C11789,Customer_1789,Chennai,Small Business,2025-12-02
C11790,Customer_1790,Delhi,Small Business,2024-07-11
C11791,Customer_1791,Chennai,Corporate,2025-11-10
C11792,Customer_1792,Delhi,Small Business,2023-07-23
C11793,Customer_1793,Kolkata,Corporate,2025-01-06
C11794,Customer_1794,Kolkata,Consumer,2025-05-02
C11795,Customer_1795,Ahmedabad,Consumer,2025-08-01
C11796,Customer_1796,Mumbai,Corporate,2023-06-11
C11797,Customer_1797,Kolkata,Consumer,2023-06-08
C11798,Customer_1798,Mumbai,Corporate,2023-09-05
C11799,Customer_1799,Kolkata,Small Business,2025-03-25
C11800,Customer_1800,Bengaluru,Consumer,2025-09-25
C11801,Customer_1801,Kolkata,Corporate,2022-05-05
C11802,Customer_1802,Chennai,Small Business,2024-05-20
C11803,Customer_1803,Pune,Small Business,2022-10-07
C11804,Customer_1804,Ahmedabad,Small Business,2024-07-05
C11805,Customer_1805,Chennai,Consumer,2023-09-14
C11806,Customer_1806,Pune,Small Business,2024-04-25
C11807,Customer_1807,Hyderabad,Corporate,2023-11-05
C11808,Customer_1808,Chennai,Consumer,2025-02-25
C11809,Customer_1809,Hyderabad,Consumer,2022-11-10
C11810,Customer_1810,Mumbai,Corporate,2022-11-28
C11811,Customer_1811,Mumbai,Consumer,2025-03-19
C11812,Customer_1812,Bengaluru,Corporate,2026-01-17
C11813,Customer_1813,Kolkata,Corporate,2022-02-05
C11814,Customer_1814,Chennai,Consumer,2025-12-14
C11815,Customer_1815,Hyderabad,Corporate,2024-11-11
C11816,Customer_1816,Pune,Corporate,2022-07-25
C11817,Customer_1817,Mumbai,Consumer,2023-10-01
C11818,Customer_1818,Kolkata,Consumer,2024-04-27
C11819,Customer_1819,Mumbai,Consumer,2025-10-11
C11820,Customer_1820,Pune,Consumer,2023-03-16
C11821,Customer_1821,Kolkata,Small Business,2023-12-30
C11822,Customer_1822,Kolkata,Consumer,2025-01-24
C11823,Customer_1823,Hyderabad,Corporate,2024-07-29
C11824,Customer_1824,Hyderabad,Consumer,2022-06-13
C11825,Customer_1825,Chennai,Consumer,2022-05-28
C11826,Customer_1826,Chennai,Small Business,2026-04-03
C11827,Customer_1827,Delhi,Corporate,2022-10-21
C11828,Customer_1828,Ahmedabad,Consumer,2022-07-14
C11829,Customer_1829,Delhi,Consumer,2023-10-25
C11830,Customer_1830,Bengaluru,Consumer,2023-04-25
C11831,Customer_1831,Mumbai,Consumer,2022-05-03
C11832,Customer_1832,Chennai,Corporate,2025-11-24
C11833,Customer_1833,Hyderabad,Consumer,2023-11-30
C11834,Customer_1834,Pune,Consumer,2024-08-22
C11835,Customer_1835,Hyderabad,Consumer,2026-01-15
C11836,Customer_1836,Mumbai,Small Business,2023-10-23
C11837,Customer_1837,Delhi,Small Business,2025-02-01
C11838,Customer_1838,Hyderabad,Consumer,2026-01-25
C11839,Customer_1839,Ahmedabad,Corporate,2023-12-11
C11840,Customer_1840,Bengaluru,Consumer,2023-01-31
C11841,Customer_1841,Mumbai,Consumer,2024-06-30
C11842,Customer_1842,Delhi,Corporate,2025-09-22
C11843,Customer_1843,Ahmedabad,Small Business,2024-10-01
C11844,Customer_1844,Pune,Small Business,2026-06-11
C11845,Customer_1845,Delhi,Corporate,2025-03-11
C11846,Customer_1846,Kolkata,Consumer,2022-11-13
C11847,Customer_1847,Ahmedabad,Corporate,2026-05-01
C11848,Customer_1848,Ahmedabad,Consumer,2026-03-31
C11849,Customer_1849,Bengaluru,Corporate,2026-04-29
C11850,Customer_1850,Mumbai,Consumer,2025-11-25
C11851,Customer_1851,Pune,Corporate,2023-11-12
C11852,Customer_1852,Bengaluru,Consumer,2025-08-26
C11853,Customer_1853,Delhi,Consumer,2023-05-10
C11854,Customer_1854,Bengaluru,Small Business,2023-07-10
C11855,Customer_1855,Ahmedabad,Consumer,2023-09-02
C11856,Customer_1856,Mumbai,Consumer,2022-04-19
C11857,Customer_1857,Chennai,Consumer,2023-01-07
C11858,Customer_1858,Bengaluru,Consumer,2024-05-04
C11859,Customer_1859,Kolkata,Consumer,2023-09-08
C11860,Customer_1860,Bengaluru,Consumer,2024-02-07
C11861,Customer_1861,Delhi,Small Business,2022-07-25
C11862,Customer_1862,Delhi,Consumer,2024-04-26
C11863,Customer_1863,Pune,Small Business,2022-02-12
C11864,Customer_1864,Delhi,Corporate,2024-05-14
C11865,Customer_1865,Hyderabad,Consumer,2025-06-22
C11866,Customer_1866,Mumbai,Corporate,2025-08-03
C11867,Customer_1867,Mumbai,Consumer,2025-10-10
C11868,Customer_1868,Chennai,Corporate,2024-02-24
C11869,Customer_1869,Chennai,Consumer,2023-04-21
C11870,Customer_1870,Mumbai,Consumer,2022-03-24
C11871,Customer_1871,Kolkata,Small Business,2025-02-07
C11872,Customer_1872,Chennai,Small Business,2022-07-09
C11873,Customer_1873,Pune,Small Business,2024-03-10
C11874,Customer_1874,Delhi,Consumer,2024-07-24
C11875,Customer_1875,Mumbai,Corporate,2022-09-08
C11876,Customer_1876,Ahmedabad,Consumer,2022-10-18
C11877,Customer_1877,Chennai,Consumer,2025-05-09
C11878,Customer_1878,Mumbai,Consumer,2022-11-22
C11879,Customer_1879,Hyderabad,Corporate,2026-03-15
C11880,Customer_1880,Bengaluru,Consumer,2025-12-03
C11881,Customer_1881,Delhi,Consumer,2026-06-19
C11882,Customer_1882,Mumbai,Small Business,2024-04-16
C11883,Customer_1883,Bengaluru,Consumer,2023-05-23
C11884,Customer_1884,Chennai,Consumer,2024-01-01
C11885,Customer_1885,Bengaluru,Consumer,2026-06-13
C11886,Customer_1886,Delhi,Small Business,2022-03-13
C11887,Customer_1887,Mumbai,Consumer,2025-06-24
C11888,Customer_1888,Hyderabad,Consumer,2023-10-03
C11889,Customer_1889,Kolkata,Small Business,2024-07-28
C11890,Customer_1890,Chennai,Small Business,2023-08-31
C11891,Customer_1891,Mumbai,Consumer,2026-05-30
C11892,Customer_1892,Delhi,Corporate,2023-07-20
C11893,Customer_1893,Chennai,Corporate,2025-09-29
C11894,Customer_1894,Pune,Corporate,2022-02-23
C11895,Customer_1895,Bengaluru,Consumer,2023-06-12
C11896,Customer_1896,Kolkata,Small Business,2023-09-03
C11897,Customer_1897,Delhi,Consumer,2026-04-05
C11898,Customer_1898,Pune,Consumer,2026-05-01
C11899,Customer_1899,Ahmedabad,Consumer,2022-07-12
C11900,Customer_1900,Mumbai,Consumer,2022-02-27
C11901,Customer_1901,Hyderabad,Consumer,2025-12-31
C11902,Customer_1902,Chennai,Corporate,2025-02-08
C11903,Customer_1903,Bengaluru,Consumer,2022-05-09
C11904,Customer_1904,Chennai,Consumer,2023-12-07
C11905,Customer_1905,Kolkata,Consumer,2024-05-01
C11906,Customer_1906,Mumbai,Consumer,2025-09-11
C11907,Customer_1907,Chennai,Small Business,2022-01-08
C11908,Customer_1908,Bengaluru,Consumer,2022-01-29
C11909,Customer_1909,Mumbai,Consumer,2025-02-09
C11910,Customer_1910,Chennai,Consumer,2024-08-04
C11911,Customer_1911,Hyderabad,Consumer,2022-05-11
C11912,Customer_1912,Delhi,Consumer,2022-07-07
C11913,Customer_1913,Mumbai,Corporate,2023-12-10
C11914,Customer_1914,Delhi,Small Business,2026-02-07
C11915,Customer_1915,Ahmedabad,Consumer,2025-10-19
C11916,Customer_1916,Mumbai,Corporate,2025-05-12
C11917,Customer_1917,Hyderabad,Corporate,2022-07-31
C11918,Customer_1918,Delhi,Small Business,2022-10-03
C11919,Customer_1919,Pune,Consumer,2025-01-01
C11920,Customer_1920,Bengaluru,Consumer,2022-08-31
C11921,Customer_1921,Pune,Consumer,2025-01-30
C11922,Customer_1922,Chennai,Corporate,2024-09-13
C11923,Customer_1923,Hyderabad,Small Business,2023-11-16
C11924,Customer_1924,Pune,Consumer,2022-06-20
C11925,Customer_1925,Mumbai,Consumer,2023-10-15
C11926,Customer_1926,Chennai,Small Business,2022-07-07
C11927,Customer_1927,Chennai,Small Business,2026-01-04
C11928,Customer_1928,Pune,Small Business,2025-01-14
C11929,Customer_1929,Ahmedabad,Corporate,2026-02-08
C11930,Customer_1930,Pune,Consumer,2022-02-21
C11931,Customer_1931,Ahmedabad,Corporate,2022-04-21
C11932,Customer_1932,Hyderabad,Corporate,2024-05-26
C11933,Customer_1933,Bengaluru,Consumer,2024-12-02
C11934,Customer_1934,Pune,Consumer,2022-07-30
C11935,Customer_1935,Kolkata,Corporate,2025-05-08
C11936,Customer_1936,Ahmedabad,Consumer,2024-05-07
C11937,Customer_1937,Pune,Corporate,2023-09-19
C11938,Customer_1938,Delhi,Corporate,2024-11-15
C11939,Customer_1939,Mumbai,Small Business,2022-10-26
C11940,Customer_1940,Kolkata,Consumer,2025-01-05
C11941,Customer_1941,Kolkata,Consumer,2024-07-12
C11942,Customer_1942,Ahmedabad,Corporate,2022-05-17
C11943,Customer_1943,Delhi,Consumer,2024-11-09
C11944,Customer_1944,Delhi,Corporate,2023-03-16
C11945,Customer_1945,Chennai,Corporate,2022-07-30
C11946,Customer_1946,Ahmedabad,Consumer,2024-01-22
C11947,Customer_1947,Bengaluru,Consumer,2026-04-24
C11948,Customer_1948,Mumbai,Consumer,2023-03-11
C11949,Customer_1949,Hyderabad,Consumer,2024-02-19
C11950,Customer_1950,Kolkata,Small Business,2025-05-15
C11951,Customer_1951,Hyderabad,Small Business,2023-03-15
C11952,Customer_1952,Pune,Corporate,2023-10-28
C11953,Customer_1953,Pune,Corporate,2024-12-01
C11954,Customer_1954,Hyderabad,Consumer,2023-02-15
C11955,Customer_1955,Pune,Small Business,2026-03-27
C11956,Customer_1956,Bengaluru,Corporate,2024-03-16
C11957,Customer_1957,Delhi,Corporate,2023-09-02
C11958,Customer_1958,Pune,Small Business,2023-03-03
C11959,Customer_1959,Chennai,Consumer,2025-07-22
C11960,Customer_1960,Pune,Small Business,2026-01-11
C11961,Customer_1961,Mumbai,Consumer,2024-06-20
C11962,Customer_1962,Bengaluru,Consumer,2024-07-30
C11963,Customer_1963,Mumbai,Consumer,2024-01-12
C11964,Customer_1964,Mumbai,Small Business,2025-10-24
C11965,Customer_1965,Chennai,Small Business,2025-05-28
C11966,Customer_1966,Bengaluru,Corporate,2026-05-20
C11967,Customer_1967,Bengaluru,Corporate,2025-06-09
C11968,Customer_1968,Ahmedabad,Corporate,2022-11-24
C11969,Customer_1969,Bengaluru,Small Business,2026-01-06
C11970,Customer_1970,Bengaluru,Consumer,2022-02-21
C11971,Customer_1971,Bengaluru,Consumer,2023-01-11
C11972,Customer_1972,Chennai,Consumer,2022-09-20
C11973,Customer_1973,Pune,Corporate,2022-09-24
C11974,Customer_1974,Ahmedabad,Corporate,2022-12-25
C11975,Customer_1975,Mumbai,Consumer,2025-09-02
C11976,Customer_1976,Bengaluru,Consumer,2025-09-09
C11977,Customer_1977,Kolkata,Small Business,2023-10-14
C11978,Customer_1978,Pune,Consumer,2026-05-06
C11979,Customer_1979,Pune,Corporate,2025-12-15
C11980,Customer_1980,Mumbai,Small Business,2022-02-15
C11981,Customer_1981,Chennai,Consumer,2023-08-23
C11982,Customer_1982,Hyderabad,Consumer,2023-12-21
C11983,Customer_1983,Hyderabad,Corporate,2025-07-16
C11984,Customer_1984,Pune,Small Business,2023-08-24
C11985,Customer_1985,Delhi,Consumer,2023-01-16
C11986,Customer_1986,Delhi,Small Business,2022-04-28
C11987,Customer_1987,Mumbai,Consumer,2026-05-09
C11988,Customer_1988,Hyderabad,Consumer,2022-04-26
C11989,Customer_1989,Pune,Corporate,2022-09-17
C11990,Customer_1990,Chennai,Small Business,2025-01-03
C11991,Customer_1991,Hyderabad,Consumer,2026-02-12
C11992,Customer_1992,Pune,Small Business,2022-11-01
C11993,Customer_1993,Pune,Corporate,2022-01-07
C11994,Customer_1994,Bengaluru,Consumer,2023-01-01
C11995,Customer_1995,Chennai,Consumer,2023-06-07
C11996,Customer_1996,Bengaluru,Small Business,2025-10-03
C11997,Customer_1997,Mumbai,Consumer,2026-01-01
C11998,Customer_1998,Bengaluru,Consumer,2025-05-23
C11999,Customer_1999,Kolkata,Consumer,2023-03-05
C12000,Customer_2000,Bengaluru,Small Business,2024-03-01
